date,price
02-Apr-95,50
03-Apr-95,50
04-Apr-95,50
05-Apr-95,50
10-Apr-95,50
11-Apr-95,50
12-Apr-95,50
13-Apr-95,50
16-Apr-95,50
17-Apr-95,50
18-Apr-95,50
19-Apr-95,50
20-Apr-95,50
23-Apr-95,50
24-Apr-95,50
25-Apr-95,50
26-Apr-95,50
27-Apr-95,50
30-Apr-95,50
01-May-95,50
02-May-95,50
03-May-95,50
04-May-95,50
08-May-95,50
09-May-95,50
10-May-95,50
11-May-95,50
14-May-95,50
15-May-95,50
16-May-95,50
17-May-95,50
18-May-95,50
21-May-95,50
22-May-95,50
23-May-95,50
24-May-95,50
25-May-95,50
29-May-95,50
30-May-95,50
31-May-95,50
01-Jun-95,50
04-Jun-95,50
05-Jun-95,50
06-Jun-95,50
07-Jun-95,50
08-Jun-95,50
11-Jun-95,50
12-Jun-95,50
13-Jun-95,50
14-Jun-95,50
15-Jun-95,50
18-Jun-95,50
19-Jun-95,50
20-Jun-95,50
21-Jun-95,50
22-Jun-95,50
25-Jun-95,50
26-Jun-95,50
27-Jun-95,50
28-Jun-95,50
29-Jun-95,50
30-Jun-95,50
02-Jul-95,50
03-Jul-95,50
04-Jul-95,50
05-Jul-95,50
06-Jul-95,50
09-Jul-95,50
10-Jul-95,50
11-Jul-95,50
12-Jul-95,50
13-Jul-95,50
16-Jul-95,50
17-Jul-95,50
18-Jul-95,50
19-Jul-95,50
20-Jul-95,50
23-Jul-95,50
24-Jul-95,50
25-Jul-95,50
26-Jul-95,50
27-Jul-95,50
30-Jul-95,50
31-Jul-95,50
01-Aug-95,50
02-Aug-95,50
03-Aug-95,50
06-Aug-95,50
07-Aug-95,50
08-Aug-95,50
09-Aug-95,50
10-Aug-95,50
13-Aug-95,50
14-Aug-95,50
15-Aug-95,50
16-Aug-95,50
17-Aug-95,50
20-Aug-95,50
21-Aug-95,50
22-Aug-95,50
23-Aug-95,50
24-Aug-95,50
28-Aug-95,50
29-Aug-95,50
30-Aug-95,50
31-Aug-95,50
03-Sep-95,50
04-Sep-95,50
05-Sep-95,50
06-Sep-95,50
07-Sep-95,50
10-Sep-95,50
11-Sep-95,50
12-Sep-95,50
13-Sep-95,50
14-Sep-95,50
17-Sep-95,50
18-Sep-95,50
19-Sep-95,50
20-Sep-95,50
21-Sep-95,50
24-Sep-95,50
25-Sep-95,50
26-Sep-95,50
27-Sep-95,50
28-Sep-95,50
30-Sep-95,50
01-Oct-95,50
02-Oct-95,50
03-Oct-95,50
04-Oct-95,50
05-Oct-95,50
08-Oct-95,50
09-Oct-95,50
10-Oct-95,50
11-Oct-95,50
12-Oct-95,50
15-Oct-95,50
16-Oct-95,50
17-Oct-95,50
18-Oct-95,50
19-Oct-95,50
22-Oct-95,50
23-Oct-95,50
24-Oct-95,50
25-Oct-95,50
26-Oct-95,50
29-Oct-95,50
30-Oct-95,50
31-Oct-95,50
01-Nov-95,50
02-Nov-95,50
05-Nov-95,50
06-Nov-95,50
07-Nov-95,50
08-Nov-95,50
09-Nov-95,50
12-Nov-95,50
13-Nov-95,50
14-Nov-95,50
15-Nov-95,50
16-Nov-95,50
19-Nov-95,50
20-Nov-95,50
21-Nov-95,50
22-Nov-95,50
23-Nov-95,50
26-Nov-95,50
27-Nov-95,50
28-Nov-95,50
29-Nov-95,50
30-Nov-95,50
03-Dec-95,50
04-Dec-95,50
05-Dec-95,50
06-Dec-95,50
07-Dec-95,50
10-Dec-95,50
11-Dec-95,50
12-Dec-95,50
13-Dec-95,50
14-Dec-95,50
17-Dec-95,50
18-Dec-95,50
19-Dec-95,50
20-Dec-95,50
21-Dec-95,50
27-Dec-95,50
28-Dec-95,50
31-Dec-95,50
02-Jan-96,50
03-Jan-96,50
04-Jan-96,50
07-Jan-96,50
08-Jan-96,50
09-Jan-96,50
10-Jan-96,50
11-Jan-96,50
14-Jan-96,50
15-Jan-96,50
16-Jan-96,50
17-Jan-96,50
18-Jan-96,50
21-Jan-96,50
22-Jan-96,50
23-Jan-96,50
24-Jan-96,50
25-Jan-96,50
28-Jan-96,50
29-Jan-96,50
30-Jan-96,50
31-Jan-96,50
01-Feb-96,50
04-Feb-96,50
05-Feb-96,50
06-Feb-96,50
07-Feb-96,50
08-Feb-96,50
11-Feb-96,50
12-Feb-96,50
13-Feb-96,50
14-Feb-96,50
15-Feb-96,50
18-Feb-96,50
19-Feb-96,50
20-Feb-96,50
21-Feb-96,50
22-Feb-96,50
25-Feb-96,50
26-Feb-96,50
27-Feb-96,50
28-Feb-96,50
29-Feb-96,50
03-Mar-96,50
04-Mar-96,50
05-Mar-96,50
06-Mar-96,50
07-Mar-96,50
10-Mar-96,50
11-Mar-96,50
12-Mar-96,50
13-Mar-96,50
14-Mar-96,50
17-Mar-96,50
18-Mar-96,50
19-Mar-96,50
20-Mar-96,50
25-Mar-96,50
26-Mar-96,50
27-Mar-96,50
28-Mar-96,50
31-Mar-96,50
01-Apr-96,54
02-Apr-96,54
03-Apr-96,54
04-Apr-96,54
05-Apr-96,54
10-Apr-96,54
11-Apr-96,54
12-Apr-96,54
13-Apr-96,54
16-Apr-96,54
17-Apr-96,54
18-Apr-96,54
19-Apr-96,54
20-Apr-96,54
23-Apr-96,54
24-Apr-96,54
25-Apr-96,54
26-Apr-96,54
27-Apr-96,54
30-Apr-96,54
01-May-96,54
02-May-96,54
03-May-96,54
04-May-96,54
08-May-96,54
09-May-96,54
10-May-96,54
11-May-96,54
14-May-96,54
15-May-96,54
16-May-96,54
17-May-96,54
18-May-96,54
21-May-96,54
22-May-96,54
23-May-96,54
24-May-96,54
25-May-96,54
29-May-96,54
30-May-96,54
31-May-96,54
01-Jun-96,54
04-Jun-96,54
05-Jun-96,54
06-Jun-96,54
07-Jun-96,54
08-Jun-96,54
11-Jun-96,54
12-Jun-96,54
13-Jun-96,54
14-Jun-96,54
15-Jun-96,54
18-Jun-96,54
19-Jun-96,54
20-Jun-96,54
21-Jun-96,54
22-Jun-96,54
25-Jun-96,54
26-Jun-96,54
27-Jun-96,54
28-Jun-96,54
29-Jun-96,54
30-Jun-96,54
02-Jul-96,54
03-Jul-96,54
04-Jul-96,54
05-Jul-96,54
06-Jul-96,54
09-Jul-96,54
10-Jul-96,54
11-Jul-96,54
12-Jul-96,54
13-Jul-96,54
16-Jul-96,54
17-Jul-96,54
18-Jul-96,54
19-Jul-96,54
20-Jul-96,54
23-Jul-96,54
24-Jul-96,54
25-Jul-96,54
26-Jul-96,54
27-Jul-96,54
30-Jul-96,54
31-Jul-96,54
01-Aug-96,54
02-Aug-96,54
03-Aug-96,54
06-Aug-96,54
07-Aug-96,54
08-Aug-96,54
09-Aug-96,54
10-Aug-96,54
13-Aug-96,54
14-Aug-96,54
15-Aug-96,54
16-Aug-96,54
17-Aug-96,54
20-Aug-96,54
21-Aug-96,54
22-Aug-96,54
23-Aug-96,54
24-Aug-96,54
28-Aug-96,54
29-Aug-96,54
30-Aug-96,54
31-Aug-96,54
03-Sep-96,54
04-Sep-96,54
05-Sep-96,54
06-Sep-96,54
07-Sep-96,54
10-Sep-96,54
11-Sep-96,54
12-Sep-96,54
13-Sep-96,54
14-Sep-96,54
17-Sep-96,54
18-Sep-96,54
19-Sep-96,54
20-Sep-96,54
21-Sep-96,54
24-Sep-96,54
25-Sep-96,54
26-Sep-96,54
27-Sep-96,54
28-Sep-96,54
30-Sep-96,54
01-Oct-96,54
02-Oct-96,54
03-Oct-96,54
04-Oct-96,54
05-Oct-96,54
08-Oct-96,54
09-Oct-96,54
10-Oct-96,54
11-Oct-96,54
12-Oct-96,54
15-Oct-96,54
16-Oct-96,54
17-Oct-96,54
18-Oct-96,54
19-Oct-96,54
22-Oct-96,54
23-Oct-96,54
24-Oct-96,54
25-Oct-96,54
26-Oct-96,54
29-Oct-96,54
30-Oct-96,54
31-Oct-96,54
01-Nov-96,54
02-Nov-96,54
05-Nov-96,54
06-Nov-96,54
07-Nov-96,54
08-Nov-96,54
09-Nov-96,54
12-Nov-96,54
13-Nov-96,54
14-Nov-96,54
15-Nov-96,54
16-Nov-96,54
19-Nov-96,54
20-Nov-96,54
21-Nov-96,54
22-Nov-96,54
23-Nov-96,54
26-Nov-96,54
27-Nov-96,54
28-Nov-96,54
29-Nov-96,54
30-Nov-96,54
03-Dec-96,54
04-Dec-96,54
05-Dec-96,54
06-Dec-96,54
07-Dec-96,54
10-Dec-96,54
11-Dec-96,54
12-Dec-96,54
13-Dec-96,54
14-Dec-96,54
17-Dec-96,54
18-Dec-96,54
19-Dec-96,54
20-Dec-96,54
21-Dec-96,54
27-Dec-96,54
28-Dec-96,54
31-Dec-96,54
02-Jan-97,54
03-Jan-97,54
04-Jan-97,54
07-Jan-97,54
08-Jan-97,54
09-Jan-97,54
10-Jan-97,54
11-Jan-97,54
14-Jan-97,54
15-Jan-97,54
16-Jan-97,54
17-Jan-97,54
18-Jan-97,54
21-Jan-97,54
22-Jan-97,54
23-Jan-97,54
24-Jan-97,54
25-Jan-97,54
28-Jan-97,54
29-Jan-97,54
30-Jan-97,54
31-Jan-97,54
01-Feb-97,54
04-Feb-97,54
05-Feb-97,54
06-Feb-97,54
07-Feb-97,54
08-Feb-97,54
11-Feb-97,54
12-Feb-97,54
13-Feb-97,54
14-Feb-97,54
15-Feb-97,54
18-Feb-97,54
19-Feb-97,54
20-Feb-97,54
21-Feb-97,54
22-Feb-97,54
25-Feb-97,54
26-Feb-97,54
27-Feb-97,54
28-Feb-97,54
03-Mar-97,54
04-Mar-97,54
05-Mar-97,54
06-Mar-97,54
07-Mar-97,54
10-Mar-97,54
11-Mar-97,54
12-Mar-97,54
13-Mar-97,54
14-Mar-97,54
17-Mar-97,54
18-Mar-97,54
19-Mar-97,54
20-Mar-97,54
25-Mar-97,54
26-Mar-97,54
27-Mar-97,54
28-Mar-97,54
31-Mar-97,54
01-Apr-97,54
02-Apr-97,54
03-Apr-97,54
04-Apr-97,54
05-Apr-97,54
10-Apr-97,54
11-Apr-97,54
12-Apr-97,54
13-Apr-97,54
16-Apr-97,54
17-Apr-97,54
18-Apr-97,54
19-Apr-97,54
20-Apr-97,54
23-Apr-97,54
24-Apr-97,54
25-Apr-97,54
26-Apr-97,54
27-Apr-97,54
30-Apr-97,54
01-May-97,54
02-May-97,54
03-May-97,54
04-May-97,54
08-May-97,54
09-May-97,54
10-May-97,54
11-May-97,54
14-May-97,54
15-May-97,54
16-May-97,54
17-May-97,54
18-May-97,54
21-May-97,54
22-May-97,54
23-May-97,54
24-May-97,54
25-May-97,54
29-May-97,54
30-May-97,54
31-May-97,54
01-Jun-97,54
04-Jun-97,54
05-Jun-97,54
06-Jun-97,54
07-Jun-97,54
08-Jun-97,54
11-Jun-97,54
12-Jun-97,54
13-Jun-97,54
14-Jun-97,54
15-Jun-97,54
18-Jun-97,54
19-Jun-97,54
20-Jun-97,54
21-Jun-97,54
22-Jun-97,54
25-Jun-97,54
26-Jun-97,54
27-Jun-97,54
28-Jun-97,54
29-Jun-97,54
30-Jun-97,54
02-Jul-97,54
03-Jul-97,54
04-Jul-97,54
05-Jul-97,54
06-Jul-97,54
09-Jul-97,54
10-Jul-97,54
11-Jul-97,54
12-Jul-97,54
13-Jul-97,54
16-Jul-97,54
17-Jul-97,54
18-Jul-97,54
19-Jul-97,54
20-Jul-97,54
23-Jul-97,54
24-Jul-97,54
25-Jul-97,54
26-Jul-97,54
27-Jul-97,54
30-Jul-97,54
31-Jul-97,54
01-Aug-97,54
02-Aug-97,54
03-Aug-97,54
06-Aug-97,54
07-Aug-97,54
08-Aug-97,54
09-Aug-97,54
10-Aug-97,54
13-Aug-97,54
14-Aug-97,54
15-Aug-97,54
16-Aug-97,54
17-Aug-97,54
20-Aug-97,54
21-Aug-97,54
22-Aug-97,54
23-Aug-97,54
24-Aug-97,54
28-Aug-97,54
29-Aug-97,54
30-Aug-97,54
31-Aug-97,54
03-Sep-97,54
04-Sep-97,54
05-Sep-97,54
06-Sep-97,54
07-Sep-97,54
10-Sep-97,54
11-Sep-97,54
12-Sep-97,54
13-Sep-97,54
14-Sep-97,54
17-Sep-97,54
18-Sep-97,54
19-Sep-97,54
20-Sep-97,54
21-Sep-97,54
24-Sep-97,54
25-Sep-97,54
26-Sep-97,54
27-Sep-97,54
28-Sep-97,54
30-Sep-97,54
01-Oct-97,54
02-Oct-97,54
03-Oct-97,54
04-Oct-97,54
05-Oct-97,54
08-Oct-97,54
09-Oct-97,54
10-Oct-97,54
11-Oct-97,54
12-Oct-97,54
15-Oct-97,54
16-Oct-97,54
17-Oct-97,54
18-Oct-97,54
19-Oct-97,54
22-Oct-97,54
23-Oct-97,54
24-Oct-97,54
25-Oct-97,54
26-Oct-97,54
29-Oct-97,54
30-Oct-97,54
31-Oct-97,54
01-Nov-97,54
02-Nov-97,54
05-Nov-97,54
06-Nov-97,54
07-Nov-97,54
08-Nov-97,54
09-Nov-97,54
12-Nov-97,54
13-Nov-97,54
14-Nov-97,54
15-Nov-97,54
16-Nov-97,54
19-Nov-97,54
20-Nov-97,54
21-Nov-97,54
22-Nov-97,54
23-Nov-97,54
26-Nov-97,54
27-Nov-97,54
28-Nov-97,54
29-Nov-97,54
30-Nov-97,54
03-Dec-97,54
04-Dec-97,54
05-Dec-97,54
06-Dec-97,54
07-Dec-97,54
10-Dec-97,54
11-Dec-97,54
12-Dec-97,54
13-Dec-97,54
14-Dec-97,54
17-Dec-97,54
18-Dec-97,54
19-Dec-97,54
20-Dec-97,54
21-Dec-97,54
27-Dec-97,54
28-Dec-97,54
31-Dec-97,54
02-Jan-98,54
03-Jan-98,54
04-Jan-98,54
07-Jan-98,54
08-Jan-98,54
09-Jan-98,54
10-Jan-98,54
11-Jan-98,54
14-Jan-98,54
15-Jan-98,54
16-Jan-98,54
17-Jan-98,54
18-Jan-98,54
21-Jan-98,54
22-Jan-98,54
23-Jan-98,54
24-Jan-98,54
25-Jan-98,54
28-Jan-98,54
29-Jan-98,54
30-Jan-98,54
31-Jan-98,54
01-Feb-98,54
04-Feb-98,54
05-Feb-98,54
06-Feb-98,54
07-Feb-98,54
08-Feb-98,54
11-Feb-98,54
12-Feb-98,54
13-Feb-98,54
14-Feb-98,54
15-Feb-98,54
18-Feb-98,54
19-Feb-98,54
20-Feb-98,54
21-Feb-98,54
22-Feb-98,54
25-Feb-98,54
26-Feb-98,54
27-Feb-98,54
28-Feb-98,54
03-Mar-98,54
04-Mar-98,54
05-Mar-98,54
06-Mar-98,54
07-Mar-98,54
10-Mar-98,54
11-Mar-98,54
12-Mar-98,54
13-Mar-98,54
14-Mar-98,54
17-Mar-98,54
18-Mar-98,54
19-Mar-98,54
20-Mar-98,54
25-Mar-98,54
26-Mar-98,54
27-Mar-98,54
28-Mar-98,54
31-Mar-98,54
01-Apr-98,50
02-Apr-98,50
03-Apr-98,50
04-Apr-98,50
05-Apr-98,50
10-Apr-98,50
11-Apr-98,50
12-Apr-98,50
13-Apr-98,50
16-Apr-98,50
17-Apr-98,50
18-Apr-98,50
19-Apr-98,50
20-Apr-98,50
23-Apr-98,50
24-Apr-98,50
25-Apr-98,50
26-Apr-98,50
27-Apr-98,50
30-Apr-98,50
01-May-98,50
02-May-98,50
03-May-98,50
04-May-98,50
08-May-98,50
09-May-98,50
10-May-98,50
11-May-98,50
14-May-98,50
15-May-98,50
16-May-98,50
17-May-98,50
18-May-98,50
21-May-98,50
22-May-98,50
23-May-98,50
24-May-98,50
25-May-98,50
29-May-98,50
30-May-98,50
31-May-98,50
01-Jun-98,50
04-Jun-98,50
05-Jun-98,50
06-Jun-98,50
07-Jun-98,50
08-Jun-98,50
11-Jun-98,50
12-Jun-98,50
13-Jun-98,50
14-Jun-98,50
15-Jun-98,50
18-Jun-98,50
19-Jun-98,50
20-Jun-98,50
21-Jun-98,50
22-Jun-98,50
25-Jun-98,50
26-Jun-98,50
27-Jun-98,50
28-Jun-98,50
29-Jun-98,50
30-Jun-98,50
02-Jul-98,50
03-Jul-98,50
04-Jul-98,50
05-Jul-98,50
06-Jul-98,50
09-Jul-98,50
10-Jul-98,50
11-Jul-98,50
12-Jul-98,50
13-Jul-98,50
16-Jul-98,50
17-Jul-98,50
18-Jul-98,50
19-Jul-98,50
20-Jul-98,50
23-Jul-98,50
24-Jul-98,50
25-Jul-98,50
26-Jul-98,50
27-Jul-98,50
30-Jul-98,50
31-Jul-98,50
01-Aug-98,50
02-Aug-98,50
03-Aug-98,50
06-Aug-98,50
07-Aug-98,50
08-Aug-98,50
09-Aug-98,50
10-Aug-98,50
13-Aug-98,50
14-Aug-98,50
15-Aug-98,50
16-Aug-98,50
17-Aug-98,50
20-Aug-98,50
21-Aug-98,50
22-Aug-98,50
23-Aug-98,50
24-Aug-98,50
28-Aug-98,50
29-Aug-98,50
30-Aug-98,50
31-Aug-98,50
03-Sep-98,50
04-Sep-98,50
05-Sep-98,50
06-Sep-98,50
07-Sep-98,50
10-Sep-98,50
11-Sep-98,50
12-Sep-98,50
13-Sep-98,50
14-Sep-98,50
17-Sep-98,50
18-Sep-98,50
19-Sep-98,50
20-Sep-98,50
21-Sep-98,50
24-Sep-98,50
25-Sep-98,50
26-Sep-98,50
27-Sep-98,50
28-Sep-98,50
30-Sep-98,50
01-Oct-98,50
02-Oct-98,50
03-Oct-98,50
04-Oct-98,50
05-Oct-98,50
08-Oct-98,50
09-Oct-98,50
10-Oct-98,50
11-Oct-98,50
12-Oct-98,50
15-Oct-98,50
16-Oct-98,50
17-Oct-98,50
18-Oct-98,50
19-Oct-98,50
22-Oct-98,50
23-Oct-98,50
24-Oct-98,50
25-Oct-98,50
26-Oct-98,50
29-Oct-98,50
30-Oct-98,50
31-Oct-98,50
01-Nov-98,50
02-Nov-98,50
05-Nov-98,50
06-Nov-98,50
07-Nov-98,50
08-Nov-98,50
09-Nov-98,50
12-Nov-98,50
13-Nov-98,50
14-Nov-98,50
15-Nov-98,50
16-Nov-98,50
19-Nov-98,50
20-Nov-98,50
21-Nov-98,50
22-Nov-98,50
23-Nov-98,50
26-Nov-98,50
27-Nov-98,50
28-Nov-98,50
29-Nov-98,50
30-Nov-98,50
03-Dec-98,50
04-Dec-98,50
05-Dec-98,50
06-Dec-98,50
07-Dec-98,50
10-Dec-98,50
11-Dec-98,50
12-Dec-98,50
13-Dec-98,50
14-Dec-98,50
17-Dec-98,50
18-Dec-98,50
19-Dec-98,50
20-Dec-98,50
21-Dec-98,50
27-Dec-98,50
28-Dec-98,50
31-Dec-98,50
02-Jan-99,50
03-Jan-99,50
04-Jan-99,50
07-Jan-99,50
08-Jan-99,50
09-Jan-99,50
10-Jan-99,50
11-Jan-99,50
14-Jan-99,50
15-Jan-99,50
16-Jan-99,50
17-Jan-99,50
18-Jan-99,50
21-Jan-99,50
22-Jan-99,50
23-Jan-99,50
24-Jan-99,50
25-Jan-99,50
28-Jan-99,50
29-Jan-99,50
30-Jan-99,50
31-Jan-99,50
01-Feb-99,50
04-Feb-99,50
05-Feb-99,50
06-Feb-99,50
07-Feb-99,50
08-Feb-99,50
11-Feb-99,50
12-Feb-99,50
13-Feb-99,50
14-Feb-99,50
15-Feb-99,50
18-Feb-99,50
19-Feb-99,50
20-Feb-99,50
21-Feb-99,50
22-Feb-99,50
25-Feb-99,50
26-Feb-99,50
27-Feb-99,50
28-Feb-99,50
03-Mar-99,50
04-Mar-99,50
05-Mar-99,50
06-Mar-99,50
07-Mar-99,50
10-Mar-99,50
11-Mar-99,50
12-Mar-99,50
13-Mar-99,50
14-Mar-99,50
17-Mar-99,50
18-Mar-99,50
19-Mar-99,50
20-Mar-99,50
25-Mar-99,50
26-Mar-99,50
27-Mar-99,50
28-Mar-99,50
31-Mar-99,50
01-Apr-99,44
02-Apr-99,44
03-Apr-99,44
04-Apr-99,44
05-Apr-99,44
10-Apr-99,44
11-Apr-99,44
12-Apr-99,44
13-Apr-99,44
16-Apr-99,44
17-Apr-99,44
18-Apr-99,44
19-Apr-99,44
20-Apr-99,44
23-Apr-99,44
24-Apr-99,44
25-Apr-99,44
26-Apr-99,44
27-Apr-99,44
30-Apr-99,44
01-May-99,44
02-May-99,44
03-May-99,44
04-May-99,44
08-May-99,44
09-May-99,44
10-May-99,44
11-May-99,44
14-May-99,44
15-May-99,44
16-May-99,44
17-May-99,44
18-May-99,44
21-May-99,44
22-May-99,44
23-May-99,44
24-May-99,44
25-May-99,44
29-May-99,44
30-May-99,44
31-May-99,44
01-Jun-99,44
04-Jun-99,44
05-Jun-99,44
06-Jun-99,44
07-Jun-99,44
08-Jun-99,44
11-Jun-99,44
12-Jun-99,44
13-Jun-99,44
14-Jun-99,44
15-Jun-99,44
18-Jun-99,44
19-Jun-99,44
20-Jun-99,44
21-Jun-99,44
22-Jun-99,44
25-Jun-99,44
26-Jun-99,44
27-Jun-99,44
28-Jun-99,44
29-Jun-99,44
30-Jun-99,44
02-Jul-99,44
03-Jul-99,44
04-Jul-99,44
05-Jul-99,44
06-Jul-99,44
09-Jul-99,44
10-Jul-99,44
11-Jul-99,44
12-Jul-99,44
13-Jul-99,44
16-Jul-99,44
17-Jul-99,44
18-Jul-99,44
19-Jul-99,44
20-Jul-99,44
23-Jul-99,44
24-Jul-99,44
25-Jul-99,44
26-Jul-99,44
27-Jul-99,44
30-Jul-99,44
31-Jul-99,44
01-Aug-99,44
02-Aug-99,44
03-Aug-99,44
06-Aug-99,44
07-Aug-99,44
08-Aug-99,44
09-Aug-99,44
10-Aug-99,44
13-Aug-99,44
14-Aug-99,44
15-Aug-99,44
16-Aug-99,44
17-Aug-99,44
20-Aug-99,44
21-Aug-99,44
22-Aug-99,44
23-Aug-99,44
24-Aug-99,44
28-Aug-99,44
29-Aug-99,44
30-Aug-99,44
31-Aug-99,44
03-Sep-99,44
04-Sep-99,44
05-Sep-99,44
06-Sep-99,44
07-Sep-99,44
10-Sep-99,44
11-Sep-99,44
12-Sep-99,44
13-Sep-99,44
14-Sep-99,44
17-Sep-99,44
18-Sep-99,44
19-Sep-99,44
20-Sep-99,44
21-Sep-99,44
24-Sep-99,44
25-Sep-99,44
26-Sep-99,44
27-Sep-99,44
28-Sep-99,44
30-Sep-99,44
01-Oct-99,44
02-Oct-99,44
03-Oct-99,44
04-Oct-99,44
05-Oct-99,44
08-Oct-99,44
09-Oct-99,44
10-Oct-99,44
11-Oct-99,44
12-Oct-99,44
15-Oct-99,44
16-Oct-99,44
17-Oct-99,44
18-Oct-99,44
19-Oct-99,44
22-Oct-99,44
23-Oct-99,44
24-Oct-99,44
25-Oct-99,44
26-Oct-99,44
29-Oct-99,44
30-Oct-99,44
31-Oct-99,44
01-Nov-99,44
02-Nov-99,44
05-Nov-99,44
06-Nov-99,44
07-Nov-99,44
08-Nov-99,44
09-Nov-99,44
12-Nov-99,44
13-Nov-99,44
14-Nov-99,44
15-Nov-99,44
16-Nov-99,44
19-Nov-99,44
20-Nov-99,44
21-Nov-99,44
22-Nov-99,44
23-Nov-99,44
26-Nov-99,44
27-Nov-99,44
28-Nov-99,44
29-Nov-99,44
30-Nov-99,44
03-Dec-99,44
04-Dec-99,44
05-Dec-99,44
06-Dec-99,44
07-Dec-99,44
10-Dec-99,44
11-Dec-99,44
12-Dec-99,44
13-Dec-99,44
14-Dec-99,44
17-Dec-99,44
18-Dec-99,44
19-Dec-99,44
20-Dec-99,44
21-Dec-99,44
27-Dec-99,44
28-Dec-99,44
31-Dec-99,44
02-Jan-00,44
03-Jan-00,44
04-Jan-00,44
07-Jan-00,44
08-Jan-00,44
09-Jan-00,44
10-Jan-00,44
11-Jan-00,44
14-Jan-00,44
15-Jan-00,44
16-Jan-00,44
17-Jan-00,44
18-Jan-00,44
21-Jan-00,44
22-Jan-00,44
23-Jan-00,44
24-Jan-00,44
25-Jan-00,44
28-Jan-00,44
29-Jan-00,44
30-Jan-00,44
31-Jan-00,44
01-Feb-00,44
04-Feb-00,44
05-Feb-00,44
06-Feb-00,44
07-Feb-00,44
08-Feb-00,44
11-Feb-00,44
12-Feb-00,44
13-Feb-00,44
14-Feb-00,44
15-Feb-00,44
18-Feb-00,44
19-Feb-00,44
20-Feb-00,44
21-Feb-00,44
22-Feb-00,44
25-Feb-00,44
26-Feb-00,44
27-Feb-00,44
28-Feb-00,44
29-Feb-00,44
03-Mar-00,44
04-Mar-00,44
05-Mar-00,44
06-Mar-00,44
07-Mar-00,44
10-Mar-00,44
11-Mar-00,44
12-Mar-00,44
13-Mar-00,44
14-Mar-00,44
17-Mar-00,44
18-Mar-00,44
19-Mar-00,44
20-Mar-00,44
25-Mar-00,44
26-Mar-00,44
27-Mar-00,44
28-Mar-00,44
31-Mar-00,44
01-Apr-00,40
02-Apr-00,40
03-Apr-00,40
04-Apr-00,40
05-Apr-00,40
10-Apr-00,40
11-Apr-00,40
12-Apr-00,40
13-Apr-00,40
16-Apr-00,40
17-Apr-00,40
18-Apr-00,40
19-Apr-00,40
20-Apr-00,40
23-Apr-00,40
24-Apr-00,40
25-Apr-00,40
26-Apr-00,40
27-Apr-00,40
30-Apr-00,40
01-May-00,40
02-May-00,40
03-May-00,40
04-May-00,40
08-May-00,40
09-May-00,40
10-May-00,40
11-May-00,40
14-May-00,40
15-May-00,40
16-May-00,40
17-May-00,40
18-May-00,40
21-May-00,40
22-May-00,40
23-May-00,40
24-May-00,40
25-May-00,40
29-May-00,40
30-May-00,40
31-May-00,40
01-Jun-00,40
04-Jun-00,40
05-Jun-00,40
06-Jun-00,40
07-Jun-00,40
08-Jun-00,40
11-Jun-00,40
12-Jun-00,40
13-Jun-00,40
14-Jun-00,40
15-Jun-00,40
18-Jun-00,40
19-Jun-00,40
20-Jun-00,40
21-Jun-00,40
22-Jun-00,40
25-Jun-00,40
26-Jun-00,40
27-Jun-00,40
28-Jun-00,40
29-Jun-00,40
30-Jun-00,40
02-Jul-00,40
03-Jul-00,40
04-Jul-00,40
05-Jul-00,40
06-Jul-00,40
09-Jul-00,40
10-Jul-00,40
11-Jul-00,40
12-Jul-00,40
13-Jul-00,40
16-Jul-00,40
17-Jul-00,40
18-Jul-00,40
19-Jul-00,40
20-Jul-00,40
23-Jul-00,40
24-Jul-00,40
25-Jul-00,40
26-Jul-00,40
27-Jul-00,40
30-Jul-00,40
31-Jul-00,40
01-Aug-00,40
02-Aug-00,40
03-Aug-00,40
06-Aug-00,40
07-Aug-00,40
08-Aug-00,40
09-Aug-00,40
10-Aug-00,40
13-Aug-00,40
14-Aug-00,40
15-Aug-00,40
16-Aug-00,40
17-Aug-00,40
20-Aug-00,40
21-Aug-00,40
22-Aug-00,40
23-Aug-00,40
24-Aug-00,40
28-Aug-00,40
29-Aug-00,40
30-Aug-00,40
31-Aug-00,40
03-Sep-00,40
04-Sep-00,40
05-Sep-00,40
06-Sep-00,40
07-Sep-00,40
10-Sep-00,40
11-Sep-00,40
12-Sep-00,40
13-Sep-00,40
14-Sep-00,40
17-Sep-00,40
18-Sep-00,40
19-Sep-00,40
20-Sep-00,40
21-Sep-00,40
24-Sep-00,40
25-Sep-00,40
26-Sep-00,40
27-Sep-00,40
28-Sep-00,40
30-Sep-00,40
01-Oct-00,40
02-Oct-00,40
03-Oct-00,40
04-Oct-00,40
05-Oct-00,40
08-Oct-00,40
09-Oct-00,40
10-Oct-00,40
11-Oct-00,40
12-Oct-00,40
15-Oct-00,40
16-Oct-00,40
17-Oct-00,40
18-Oct-00,40
19-Oct-00,40
22-Oct-00,40
23-Oct-00,40
24-Oct-00,40
25-Oct-00,40
26-Oct-00,40
29-Oct-00,40
30-Oct-00,40
31-Oct-00,40
01-Nov-00,40
02-Nov-00,40
05-Nov-00,40
06-Nov-00,40
07-Nov-00,40
08-Nov-00,40
09-Nov-00,40
12-Nov-00,40
13-Nov-00,40
14-Nov-00,40
15-Nov-00,40
16-Nov-00,40
19-Nov-00,40
20-Nov-00,40
21-Nov-00,40
22-Nov-00,40
23-Nov-00,40
26-Nov-00,40
27-Nov-00,40
28-Nov-00,40
29-Nov-00,40
30-Nov-00,40
03-Dec-00,40
04-Dec-00,40
05-Dec-00,40
06-Dec-00,40
07-Dec-00,40
10-Dec-00,40
11-Dec-00,40
12-Dec-00,40
13-Dec-00,40
14-Dec-00,40
17-Dec-00,40
18-Dec-00,40
19-Dec-00,40
20-Dec-00,40
21-Dec-00,40
27-Dec-00,40
28-Dec-00,40
31-Dec-00,40
02-Jan-01,40
03-Jan-01,40
04-Jan-01,40
07-Jan-01,40
08-Jan-01,40
09-Jan-01,40
10-Jan-01,40
11-Jan-01,40
14-Jan-01,40
15-Jan-01,40
16-Jan-01,40
17-Jan-01,40
18-Jan-01,40
21-Jan-01,40
22-Jan-01,40
23-Jan-01,40
24-Jan-01,40
25-Jan-01,40
28-Jan-01,40
29-Jan-01,40
30-Jan-01,40
31-Jan-01,40
01-Feb-01,40
04-Feb-01,40
05-Feb-01,40
06-Feb-01,40
07-Feb-01,40
08-Feb-01,40
11-Feb-01,40
12-Feb-01,40
13-Feb-01,40
14-Feb-01,40
15-Feb-01,40
18-Feb-01,40
19-Feb-01,40
20-Feb-01,40
21-Feb-01,40
22-Feb-01,40
25-Feb-01,40
26-Feb-01,40
27-Feb-01,40
28-Feb-01,40
03-Mar-01,40
04-Mar-01,40
05-Mar-01,40
06-Mar-01,40
07-Mar-01,40
10-Mar-01,40
11-Mar-01,40
12-Mar-01,40
13-Mar-01,40
14-Mar-01,40
17-Mar-01,40
18-Mar-01,40
19-Mar-01,40
20-Mar-01,40
25-Mar-01,40
26-Mar-01,40
27-Mar-01,40
28-Mar-01,40
31-Mar-01,40
01-Apr-01,45
02-Apr-01,45
03-Apr-01,45
04-Apr-01,45
05-Apr-01,45
10-Apr-01,45
11-Apr-01,45
12-Apr-01,45
13-Apr-01,45
16-Apr-01,45
17-Apr-01,45
18-Apr-01,45
19-Apr-01,45
20-Apr-01,45
23-Apr-01,45
24-Apr-01,45
25-Apr-01,45
26-Apr-01,45
27-Apr-01,45
30-Apr-01,45
01-May-01,45
02-May-01,45
03-May-01,45
04-May-01,45
08-May-01,45
09-May-01,45
10-May-01,45
11-May-01,45
14-May-01,45
15-May-01,45
16-May-01,45
17-May-01,45
18-May-01,45
21-May-01,45
22-May-01,45
23-May-01,45
24-May-01,45
25-May-01,45
29-May-01,45
30-May-01,45
31-May-01,45
01-Jun-01,45
04-Jun-01,45
05-Jun-01,45
06-Jun-01,45
07-Jun-01,45
08-Jun-01,45
11-Jun-01,45
12-Jun-01,45
13-Jun-01,45
14-Jun-01,45
15-Jun-01,45
18-Jun-01,45
19-Jun-01,45
20-Jun-01,45
21-Jun-01,45
22-Jun-01,45
25-Jun-01,45
26-Jun-01,45
27-Jun-01,45
28-Jun-01,45
29-Jun-01,45
30-Jun-01,45
02-Jul-01,45
03-Jul-01,45
04-Jul-01,45
05-Jul-01,45
06-Jul-01,45
09-Jul-01,45
10-Jul-01,45
11-Jul-01,45
12-Jul-01,45
13-Jul-01,45
16-Jul-01,45
17-Jul-01,45
18-Jul-01,45
19-Jul-01,45
20-Jul-01,45
23-Jul-01,45
24-Jul-01,45
25-Jul-01,45
26-Jul-01,45
27-Jul-01,45
30-Jul-01,45
31-Jul-01,45
01-Aug-01,45
02-Aug-01,45
03-Aug-01,45
06-Aug-01,45
07-Aug-01,45
08-Aug-01,45
09-Aug-01,45
10-Aug-01,45
13-Aug-01,45
14-Aug-01,45
15-Aug-01,45
16-Aug-01,45
17-Aug-01,45
20-Aug-01,45
21-Aug-01,45
22-Aug-01,45
23-Aug-01,45
24-Aug-01,45
28-Aug-01,45
29-Aug-01,45
30-Aug-01,45
31-Aug-01,45
03-Sep-01,45
04-Sep-01,45
05-Sep-01,45
06-Sep-01,45
07-Sep-01,45
10-Sep-01,45
11-Sep-01,45
12-Sep-01,45
13-Sep-01,45
14-Sep-01,45
17-Sep-01,45
18-Sep-01,45
19-Sep-01,45
20-Sep-01,45
21-Sep-01,45
24-Sep-01,45
25-Sep-01,45
26-Sep-01,45
27-Sep-01,45
28-Sep-01,45
30-Sep-01,45
01-Oct-01,45
02-Oct-01,45
03-Oct-01,45
04-Oct-01,45
05-Oct-01,45
08-Oct-01,45
09-Oct-01,45
10-Oct-01,45
11-Oct-01,45
12-Oct-01,45
15-Oct-01,45
16-Oct-01,45
17-Oct-01,45
18-Oct-01,45
19-Oct-01,45
22-Oct-01,45
23-Oct-01,45
24-Oct-01,45
25-Oct-01,45
26-Oct-01,45
29-Oct-01,45
30-Oct-01,45
31-Oct-01,45
01-Nov-01,45
02-Nov-01,45
05-Nov-01,45
06-Nov-01,45
07-Nov-01,45
08-Nov-01,45
09-Nov-01,45
12-Nov-01,45
13-Nov-01,45
14-Nov-01,45
15-Nov-01,45
16-Nov-01,45
19-Nov-01,45
20-Nov-01,45
21-Nov-01,45
22-Nov-01,45
23-Nov-01,45
26-Nov-01,45
27-Nov-01,45
28-Nov-01,45
29-Nov-01,45
30-Nov-01,45
03-Dec-01,45
04-Dec-01,45
05-Dec-01,45
06-Dec-01,45
07-Dec-01,45
10-Dec-01,45
11-Dec-01,45
12-Dec-01,45
13-Dec-01,45
14-Dec-01,45
17-Dec-01,45
18-Dec-01,45
19-Dec-01,45
20-Dec-01,45
21-Dec-01,45
27-Dec-01,45
28-Dec-01,45
31-Dec-01,45
02-Jan-02,45
03-Jan-02,45
04-Jan-02,45
07-Jan-02,45
08-Jan-02,45
09-Jan-02,45
10-Jan-02,45
11-Jan-02,45
14-Jan-02,45
15-Jan-02,45
16-Jan-02,45
17-Jan-02,45
18-Jan-02,45
21-Jan-02,45
22-Jan-02,45
23-Jan-02,45
24-Jan-02,45
25-Jan-02,45
28-Jan-02,45
29-Jan-02,45
30-Jan-02,45
31-Jan-02,45
01-Feb-02,45
04-Feb-02,45
05-Feb-02,45
06-Feb-02,45
07-Feb-02,45
08-Feb-02,45
11-Feb-02,45
12-Feb-02,45
13-Feb-02,45
14-Feb-02,45
15-Feb-02,45
18-Feb-02,45
19-Feb-02,45
20-Feb-02,45
21-Feb-02,45
22-Feb-02,45
25-Feb-02,45
26-Feb-02,45
27-Feb-02,45
28-Feb-02,45
03-Mar-02,45
04-Mar-02,45
05-Mar-02,45
06-Mar-02,45
07-Mar-02,45
10-Mar-02,45
11-Mar-02,45
12-Mar-02,45
13-Mar-02,45
14-Mar-02,45
17-Mar-02,45
18-Mar-02,45
19-Mar-02,45
20-Mar-02,45
25-Mar-02,45
26-Mar-02,45
27-Mar-02,45
28-Mar-02,45
31-Mar-02,45
01-Apr-02,50
02-Apr-02,50
03-Apr-02,50
04-Apr-02,50
05-Apr-02,50
10-Apr-02,50
11-Apr-02,50
12-Apr-02,50
13-Apr-02,50
16-Apr-02,50
17-Apr-02,50
18-Apr-02,50
19-Apr-02,50
20-Apr-02,50
23-Apr-02,50
24-Apr-02,50
25-Apr-02,50
26-Apr-02,50
27-Apr-02,50
30-Apr-02,50
01-May-02,50
02-May-02,50
03-May-02,50
04-May-02,50
08-May-02,50
09-May-02,50
10-May-02,50
11-May-02,50
14-May-02,50
15-May-02,50
16-May-02,50
17-May-02,50
18-May-02,50
21-May-02,50
22-May-02,50
23-May-02,50
24-May-02,50
25-May-02,50
29-May-02,50
30-May-02,50
31-May-02,50
01-Jun-02,50
04-Jun-02,50
05-Jun-02,50
06-Jun-02,50
07-Jun-02,50
08-Jun-02,50
11-Jun-02,50
12-Jun-02,50
13-Jun-02,50
14-Jun-02,50
15-Jun-02,50
18-Jun-02,50
19-Jun-02,50
20-Jun-02,50
21-Jun-02,50
22-Jun-02,50
25-Jun-02,50
26-Jun-02,50
27-Jun-02,50
28-Jun-02,50
29-Jun-02,50
30-Jun-02,50
02-Jul-02,50
03-Jul-02,50
04-Jul-02,50
05-Jul-02,50
06-Jul-02,50
09-Jul-02,50
10-Jul-02,50
11-Jul-02,50
12-Jul-02,50
13-Jul-02,50
16-Jul-02,50
17-Jul-02,50
18-Jul-02,50
19-Jul-02,50
20-Jul-02,50
23-Jul-02,50
24-Jul-02,50
25-Jul-02,50
26-Jul-02,50
27-Jul-02,50
30-Jul-02,50
31-Jul-02,50
01-Aug-02,50
02-Aug-02,50
03-Aug-02,50
06-Aug-02,50
07-Aug-02,50
08-Aug-02,50
09-Aug-02,50
10-Aug-02,50
13-Aug-02,50
14-Aug-02,50
15-Aug-02,50
16-Aug-02,50
17-Aug-02,50
20-Aug-02,50
21-Aug-02,50
22-Aug-02,50
23-Aug-02,50
24-Aug-02,50
28-Aug-02,50
29-Aug-02,50
30-Aug-02,50
31-Aug-02,50
03-Sep-02,50
04-Sep-02,50
05-Sep-02,50
06-Sep-02,50
07-Sep-02,50
10-Sep-02,50
11-Sep-02,50
12-Sep-02,50
13-Sep-02,50
14-Sep-02,50
17-Sep-02,50
18-Sep-02,50
19-Sep-02,50
20-Sep-02,50
21-Sep-02,50
24-Sep-02,50
25-Sep-02,50
26-Sep-02,50
27-Sep-02,50
28-Sep-02,50
30-Sep-02,50
01-Oct-02,50
02-Oct-02,50
03-Oct-02,50
04-Oct-02,50
05-Oct-02,50
08-Oct-02,50
09-Oct-02,50
10-Oct-02,50
11-Oct-02,50
12-Oct-02,50
15-Oct-02,50
16-Oct-02,50
17-Oct-02,50
18-Oct-02,50
19-Oct-02,50
22-Oct-02,50
23-Oct-02,50
24-Oct-02,50
25-Oct-02,50
26-Oct-02,50
29-Oct-02,50
30-Oct-02,50
31-Oct-02,50
01-Nov-02,50
02-Nov-02,50
05-Nov-02,50
06-Nov-02,50
07-Nov-02,50
08-Nov-02,50
09-Nov-02,50
12-Nov-02,50
13-Nov-02,50
14-Nov-02,50
15-Nov-02,50
16-Nov-02,50
19-Nov-02,50
20-Nov-02,50
21-Nov-02,50
22-Nov-02,50
23-Nov-02,50
26-Nov-02,50
27-Nov-02,50
28-Nov-02,50
29-Nov-02,50
30-Nov-02,50
03-Dec-02,50
04-Dec-02,50
05-Dec-02,50
06-Dec-02,50
07-Dec-02,50
10-Dec-02,50
11-Dec-02,50
12-Dec-02,50
13-Dec-02,50
14-Dec-02,50
17-Dec-02,50
18-Dec-02,50
19-Dec-02,50
20-Dec-02,50
21-Dec-02,50
27-Dec-02,50
28-Dec-02,50
31-Dec-02,50
02-Jan-03,50
03-Jan-03,50
04-Jan-03,50
07-Jan-03,50
08-Jan-03,50
09-Jan-03,50
10-Jan-03,50
11-Jan-03,50
14-Jan-03,50
15-Jan-03,50
16-Jan-03,50
17-Jan-03,50
18-Jan-03,50
21-Jan-03,50
22-Jan-03,50
23-Jan-03,50
24-Jan-03,50
25-Jan-03,50
28-Jan-03,50
29-Jan-03,50
30-Jan-03,50
31-Jan-03,50
01-Feb-03,50
04-Feb-03,50
05-Feb-03,50
06-Feb-03,50
07-Feb-03,50
08-Feb-03,50
11-Feb-03,50
12-Feb-03,50
13-Feb-03,50
14-Feb-03,50
15-Feb-03,50
18-Feb-03,50
19-Feb-03,50
20-Feb-03,50
21-Feb-03,50
22-Feb-03,50
25-Feb-03,50
26-Feb-03,50
27-Feb-03,50
28-Feb-03,50
03-Mar-03,50
04-Mar-03,50
05-Mar-03,50
06-Mar-03,50
07-Mar-03,50
10-Mar-03,50
11-Mar-03,50
12-Mar-03,50
13-Mar-03,50
14-Mar-03,50
17-Mar-03,50
18-Mar-03,50
19-Mar-03,50
20-Mar-03,50
25-Mar-03,50
26-Mar-03,50
27-Mar-03,50
28-Mar-03,50
31-Mar-03,50
01-Apr-03,48
02-Apr-03,48
03-Apr-03,48
04-Apr-03,48
05-Apr-03,48
10-Apr-03,48
11-Apr-03,48
12-Apr-03,48
13-Apr-03,48
16-Apr-03,48
17-Apr-03,48
18-Apr-03,48
19-Apr-03,48
20-Apr-03,48
23-Apr-03,48
24-Apr-03,48
25-Apr-03,48
26-Apr-03,48
27-Apr-03,48
30-Apr-03,48
01-May-03,48
02-May-03,48
03-May-03,48
04-May-03,48
08-May-03,48
09-May-03,48
10-May-03,48
11-May-03,48
14-May-03,48
15-May-03,48
16-May-03,48
17-May-03,48
18-May-03,48
21-May-03,48
22-May-03,48
23-May-03,48
24-May-03,48
25-May-03,48
29-May-03,48
30-May-03,48
31-May-03,48
01-Jun-03,48
04-Jun-03,48
05-Jun-03,48
06-Jun-03,48
07-Jun-03,48
08-Jun-03,48
11-Jun-03,48
12-Jun-03,48
13-Jun-03,48
14-Jun-03,48
15-Jun-03,48
18-Jun-03,48
19-Jun-03,48
20-Jun-03,48
21-Jun-03,48
22-Jun-03,48
25-Jun-03,48
26-Jun-03,48
27-Jun-03,48
28-Jun-03,48
29-Jun-03,48
30-Jun-03,48
02-Jul-03,48
03-Jul-03,48
04-Jul-03,48
05-Jul-03,48
06-Jul-03,48
09-Jul-03,48
10-Jul-03,48
11-Jul-03,48
12-Jul-03,48
13-Jul-03,48
16-Jul-03,48
17-Jul-03,48
18-Jul-03,48
19-Jul-03,48
20-Jul-03,48
23-Jul-03,48
24-Jul-03,48
25-Jul-03,48
26-Jul-03,48
27-Jul-03,48
30-Jul-03,48
31-Jul-03,48
01-Aug-03,48
02-Aug-03,48
03-Aug-03,48
06-Aug-03,48
07-Aug-03,48
08-Aug-03,48
09-Aug-03,48
10-Aug-03,48
13-Aug-03,48
14-Aug-03,48
15-Aug-03,48
16-Aug-03,48
17-Aug-03,48
20-Aug-03,48
21-Aug-03,48
22-Aug-03,48
23-Aug-03,48
24-Aug-03,48
28-Aug-03,48
29-Aug-03,48
30-Aug-03,48
31-Aug-03,48
03-Sep-03,48
04-Sep-03,48
05-Sep-03,48
06-Sep-03,48
07-Sep-03,48
10-Sep-03,48
11-Sep-03,48
12-Sep-03,48
13-Sep-03,48
14-Sep-03,48
17-Sep-03,48
18-Sep-03,48
19-Sep-03,48
20-Sep-03,48
21-Sep-03,48
24-Sep-03,48
25-Sep-03,48
26-Sep-03,48
27-Sep-03,48
28-Sep-03,48
30-Sep-03,48
01-Oct-03,48
02-Oct-03,48
03-Oct-03,48
04-Oct-03,48
05-Oct-03,48
08-Oct-03,48
09-Oct-03,48
10-Oct-03,48
11-Oct-03,48
12-Oct-03,48
15-Oct-03,48
16-Oct-03,48
17-Oct-03,48
18-Oct-03,48
19-Oct-03,48
22-Oct-03,48
23-Oct-03,48
24-Oct-03,48
25-Oct-03,48
26-Oct-03,48
29-Oct-03,48
30-Oct-03,48
31-Oct-03,48
01-Nov-03,48
02-Nov-03,48
05-Nov-03,48
06-Nov-03,48
07-Nov-03,48
08-Nov-03,48
09-Nov-03,48
12-Nov-03,48
13-Nov-03,48
14-Nov-03,48
15-Nov-03,48
16-Nov-03,48
19-Nov-03,48
20-Nov-03,48
21-Nov-03,48
22-Nov-03,48
23-Nov-03,48
26-Nov-03,48
27-Nov-03,48
28-Nov-03,48
29-Nov-03,48
30-Nov-03,48
03-Dec-03,48
04-Dec-03,48
05-Dec-03,48
06-Dec-03,48
07-Dec-03,48
10-Dec-03,48
11-Dec-03,48
12-Dec-03,48
13-Dec-03,48
14-Dec-03,48
17-Dec-03,48
18-Dec-03,48
19-Dec-03,48
20-Dec-03,48
21-Dec-03,48
27-Dec-03,48
28-Dec-03,48
31-Dec-03,48
02-Jan-04,48
03-Jan-04,48
04-Jan-04,48
07-Jan-04,48
08-Jan-04,48
09-Jan-04,48
10-Jan-04,48
11-Jan-04,48
14-Jan-04,48
15-Jan-04,48
16-Jan-04,48
17-Jan-04,48
18-Jan-04,48
21-Jan-04,48
22-Jan-04,48
23-Jan-04,48
24-Jan-04,48
25-Jan-04,48
28-Jan-04,48
29-Jan-04,48
30-Jan-04,48
31-Jan-04,48
01-Feb-04,48
04-Feb-04,48
05-Feb-04,48
06-Feb-04,48
07-Feb-04,48
08-Feb-04,48
11-Feb-04,48
12-Feb-04,48
13-Feb-04,48
14-Feb-04,48
15-Feb-04,48
18-Feb-04,48
19-Feb-04,48
20-Feb-04,48
21-Feb-04,48
22-Feb-04,48
25-Feb-04,48
26-Feb-04,48
27-Feb-04,48
28-Feb-04,48
29-Feb-04,48
03-Mar-04,48
04-Mar-04,48
05-Mar-04,48
06-Mar-04,48
07-Mar-04,48
10-Mar-04,48
11-Mar-04,48
12-Mar-04,48
13-Mar-04,48
14-Mar-04,48
17-Mar-04,48
18-Mar-04,48
19-Mar-04,48
20-Mar-04,48
25-Mar-04,48
26-Mar-04,48
27-Mar-04,48
28-Mar-04,48
31-Mar-04,48
01-Apr-04,55
02-Apr-04,55
03-Apr-04,55
04-Apr-04,55
05-Apr-04,55
10-Apr-04,55
11-Apr-04,55
12-Apr-04,55
13-Apr-04,55
16-Apr-04,55
17-Apr-04,55
18-Apr-04,55
19-Apr-04,55
20-Apr-04,55
23-Apr-04,55
24-Apr-04,55
25-Apr-04,55
26-Apr-04,55
27-Apr-04,55
30-Apr-04,55
01-May-04,55
02-May-04,55
03-May-04,55
04-May-04,55
08-May-04,55
09-May-04,55
10-May-04,55
11-May-04,55
14-May-04,55
15-May-04,55
16-May-04,55
17-May-04,55
18-May-04,55
21-May-04,55
22-May-04,55
23-May-04,55
24-May-04,55
25-May-04,55
29-May-04,55
30-May-04,55
31-May-04,55
01-Jun-04,55
04-Jun-04,55
05-Jun-04,55
06-Jun-04,55
07-Jun-04,55
08-Jun-04,55
11-Jun-04,55
12-Jun-04,55
13-Jun-04,55
14-Jun-04,55
15-Jun-04,55
18-Jun-04,55
19-Jun-04,55
20-Jun-04,55
21-Jun-04,55
22-Jun-04,55
25-Jun-04,55
26-Jun-04,55
27-Jun-04,55
28-Jun-04,55
29-Jun-04,55
30-Jun-04,55
02-Jul-04,55
03-Jul-04,55
04-Jul-04,55
05-Jul-04,55
06-Jul-04,55
09-Jul-04,55
10-Jul-04,55
11-Jul-04,55
12-Jul-04,55
13-Jul-04,55
16-Jul-04,55
17-Jul-04,55
18-Jul-04,55
19-Jul-04,55
20-Jul-04,55
23-Jul-04,55
24-Jul-04,55
25-Jul-04,55
26-Jul-04,55
27-Jul-04,55
30-Jul-04,55
31-Jul-04,55
01-Aug-04,55
02-Aug-04,55
03-Aug-04,55
06-Aug-04,55
07-Aug-04,55
08-Aug-04,55
09-Aug-04,55
10-Aug-04,55
13-Aug-04,55
14-Aug-04,55
15-Aug-04,55
16-Aug-04,55
17-Aug-04,55
20-Aug-04,55
21-Aug-04,55
22-Aug-04,55
23-Aug-04,55
24-Aug-04,55
28-Aug-04,55
29-Aug-04,55
30-Aug-04,55
31-Aug-04,55
03-Sep-04,55
04-Sep-04,55
05-Sep-04,55
06-Sep-04,55
07-Sep-04,55
10-Sep-04,55
11-Sep-04,55
12-Sep-04,55
13-Sep-04,55
14-Sep-04,55
17-Sep-04,55
18-Sep-04,55
19-Sep-04,55
20-Sep-04,55
21-Sep-04,55
24-Sep-04,55
25-Sep-04,55
26-Sep-04,55
27-Sep-04,55
28-Sep-04,55
30-Sep-04,55
01-Oct-04,55
02-Oct-04,55
03-Oct-04,55
04-Oct-04,55
05-Oct-04,55
08-Oct-04,55
09-Oct-04,55
10-Oct-04,55
11-Oct-04,55
12-Oct-04,55
15-Oct-04,55
16-Oct-04,55
17-Oct-04,55
18-Oct-04,55
19-Oct-04,55
22-Oct-04,55
23-Oct-04,55
24-Oct-04,55
25-Oct-04,55
26-Oct-04,55
29-Oct-04,55
30-Oct-04,55
31-Oct-04,55
01-Nov-04,55
02-Nov-04,55
05-Nov-04,55
06-Nov-04,55
07-Nov-04,55
08-Nov-04,55
09-Nov-04,55
12-Nov-04,55
13-Nov-04,55
14-Nov-04,55
15-Nov-04,55
16-Nov-04,55
19-Nov-04,55
20-Nov-04,55
21-Nov-04,55
22-Nov-04,55
23-Nov-04,55
26-Nov-04,55
27-Nov-04,55
28-Nov-04,55
29-Nov-04,55
30-Nov-04,55
03-Dec-04,55
04-Dec-04,55
05-Dec-04,55
06-Dec-04,55
07-Dec-04,55
10-Dec-04,55
11-Dec-04,55
12-Dec-04,55
13-Dec-04,55
14-Dec-04,55
17-Dec-04,55
18-Dec-04,55
19-Dec-04,55
20-Dec-04,55
21-Dec-04,55
27-Dec-04,55
28-Dec-04,55
31-Dec-04,55
02-Jan-05,55
03-Jan-05,55
04-Jan-05,55
07-Jan-05,55
08-Jan-05,55
09-Jan-05,55
10-Jan-05,55
11-Jan-05,55
14-Jan-05,55
15-Jan-05,55
16-Jan-05,55
17-Jan-05,55
18-Jan-05,55
21-Jan-05,55
22-Jan-05,55
23-Jan-05,55
24-Jan-05,55
25-Jan-05,55
28-Jan-05,55
29-Jan-05,55
30-Jan-05,55
31-Jan-05,55
01-Feb-05,55
04-Feb-05,55
05-Feb-05,55
06-Feb-05,55
07-Feb-05,55
08-Feb-05,55
11-Feb-05,55
12-Feb-05,55
13-Feb-05,55
14-Feb-05,55
15-Feb-05,55
18-Feb-05,55
19-Feb-05,55
20-Feb-05,55
21-Feb-05,55
22-Feb-05,55
25-Feb-05,55
26-Feb-05,55
27-Feb-05,55
28-Feb-05,55
03-Mar-05,55
04-Mar-05,55
05-Mar-05,55
06-Mar-05,55
07-Mar-05,55
10-Mar-05,55
11-Mar-05,55
12-Mar-05,55
13-Mar-05,55
14-Mar-05,55
17-Mar-05,55
18-Mar-05,55
19-Mar-05,55
20-Mar-05,55
25-Mar-05,55
26-Mar-05,55
27-Mar-05,55
28-Mar-05,55
31-Mar-05,55
01-Apr-05,125
02-Apr-05,125
03-Apr-05,125
04-Apr-05,125
05-Apr-05,125
10-Apr-05,125
11-Apr-05,125
12-Apr-05,125
13-Apr-05,125
16-Apr-05,125
17-Apr-05,125
18-Apr-05,125
19-Apr-05,125
20-Apr-05,125
23-Apr-05,125
24-Apr-05,125
25-Apr-05,125
26-Apr-05,125
27-Apr-05,125
30-Apr-05,125
01-May-05,125
02-May-05,125
03-May-05,125
04-May-05,125
08-May-05,125
09-May-05,125
10-May-05,125
11-May-05,125
14-May-05,125
15-May-05,125
16-May-05,125
17-May-05,125
18-May-05,125
21-May-05,125
22-May-05,125
23-May-05,125
24-May-05,125
25-May-05,125
29-May-05,125
30-May-05,125
31-May-05,125
01-Jun-05,125
04-Jun-05,125
05-Jun-05,125
06-Jun-05,125
07-Jun-05,125
08-Jun-05,125
11-Jun-05,125
12-Jun-05,125
13-Jun-05,125
14-Jun-05,125
15-Jun-05,125
18-Jun-05,125
19-Jun-05,125
20-Jun-05,125
21-Jun-05,125
22-Jun-05,125
25-Jun-05,125
26-Jun-05,125
27-Jun-05,125
28-Jun-05,125
29-Jun-05,125
30-Jun-05,125
02-Jul-05,125
03-Jul-05,125
04-Jul-05,125
05-Jul-05,125
06-Jul-05,125
09-Jul-05,125
10-Jul-05,125
11-Jul-05,125
12-Jul-05,125
13-Jul-05,125
16-Jul-05,125
17-Jul-05,125
18-Jul-05,125
19-Jul-05,125
20-Jul-05,125
23-Jul-05,125
24-Jul-05,125
25-Jul-05,125
26-Jul-05,125
27-Jul-05,125
30-Jul-05,125
31-Jul-05,125
01-Aug-05,125
02-Aug-05,125
03-Aug-05,125
06-Aug-05,125
07-Aug-05,125
08-Aug-05,125
09-Aug-05,125
10-Aug-05,125
13-Aug-05,125
14-Aug-05,125
15-Aug-05,125
16-Aug-05,125
17-Aug-05,125
20-Aug-05,125
21-Aug-05,125
22-Aug-05,125
23-Aug-05,125
24-Aug-05,125
28-Aug-05,125
29-Aug-05,125
30-Aug-05,125
31-Aug-05,125
03-Sep-05,125
04-Sep-05,125
05-Sep-05,125
06-Sep-05,125
07-Sep-05,125
10-Sep-05,125
11-Sep-05,125
12-Sep-05,125
13-Sep-05,125
14-Sep-05,125
17-Sep-05,125
18-Sep-05,125
19-Sep-05,125
20-Sep-05,125
21-Sep-05,125
24-Sep-05,125
25-Sep-05,125
26-Sep-05,125
27-Sep-05,125
28-Sep-05,125
30-Sep-05,125
01-Oct-05,125
02-Oct-05,125
03-Oct-05,125
04-Oct-05,125
05-Oct-05,125
08-Oct-05,125
09-Oct-05,125
10-Oct-05,125
11-Oct-05,125
12-Oct-05,125
15-Oct-05,125
16-Oct-05,125
17-Oct-05,125
18-Oct-05,125
19-Oct-05,125
22-Oct-05,125
23-Oct-05,125
24-Oct-05,125
25-Oct-05,125
26-Oct-05,125
29-Oct-05,125
30-Oct-05,125
31-Oct-05,125
01-Nov-05,125
02-Nov-05,125
05-Nov-05,125
06-Nov-05,125
07-Nov-05,125
08-Nov-05,125
09-Nov-05,125
12-Nov-05,125
13-Nov-05,125
14-Nov-05,125
15-Nov-05,125
16-Nov-05,125
19-Nov-05,125
20-Nov-05,125
21-Nov-05,125
22-Nov-05,125
23-Nov-05,125
26-Nov-05,125
27-Nov-05,125
28-Nov-05,125
29-Nov-05,125
30-Nov-05,125
03-Dec-05,125
04-Dec-05,125
05-Dec-05,125
06-Dec-05,125
07-Dec-05,125
10-Dec-05,125
11-Dec-05,125
12-Dec-05,125
13-Dec-05,125
14-Dec-05,125
17-Dec-05,125
18-Dec-05,125
19-Dec-05,125
20-Dec-05,125
21-Dec-05,125
27-Dec-05,125
28-Dec-05,125
31-Dec-05,125
02-Jan-06,125
03-Jan-06,125
04-Jan-06,125
07-Jan-06,125
08-Jan-06,125
09-Jan-06,125
10-Jan-06,125
11-Jan-06,125
14-Jan-06,125
15-Jan-06,125
16-Jan-06,125
17-Jan-06,125
18-Jan-06,125
21-Jan-06,125
22-Jan-06,125
23-Jan-06,125
24-Jan-06,125
25-Jan-06,125
28-Jan-06,125
29-Jan-06,125
30-Jan-06,125
31-Jan-06,125
01-Feb-06,125
04-Feb-06,125
05-Feb-06,125
06-Feb-06,125
07-Feb-06,125
08-Feb-06,125
11-Feb-06,125
12-Feb-06,125
13-Feb-06,125
14-Feb-06,125
15-Feb-06,125
18-Feb-06,125
19-Feb-06,125
20-Feb-06,125
21-Feb-06,125
22-Feb-06,125
25-Feb-06,125
26-Feb-06,125
27-Feb-06,125
28-Feb-06,125
03-Mar-06,125
04-Mar-06,125
05-Mar-06,125
06-Mar-06,125
07-Mar-06,125
10-Mar-06,125
11-Mar-06,125
12-Mar-06,125
13-Mar-06,125
14-Mar-06,125
17-Mar-06,125
18-Mar-06,125
19-Mar-06,125
20-Mar-06,125
25-Mar-06,125
26-Mar-06,125
27-Mar-06,125
28-Mar-06,125
31-Mar-06,125
01-Apr-06,115
02-Apr-06,115
03-Apr-06,115
04-Apr-06,115
05-Apr-06,115
10-Apr-06,115
11-Apr-06,115
12-Apr-06,115
13-Apr-06,115
16-Apr-06,115
17-Apr-06,115
18-Apr-06,115
19-Apr-06,115
20-Apr-06,115
23-Apr-06,115
24-Apr-06,115
25-Apr-06,115
26-Apr-06,115
27-Apr-06,115
30-Apr-06,115
01-May-06,115
02-May-06,115
03-May-06,115
04-May-06,115
08-May-06,115
09-May-06,115
10-May-06,115
11-May-06,115
14-May-06,115
15-May-06,115
16-May-06,115
17-May-06,115
18-May-06,115
21-May-06,115
22-May-06,115
23-May-06,115
24-May-06,115
25-May-06,115
29-May-06,115
30-May-06,115
31-May-06,115
01-Jun-06,115
04-Jun-06,115
05-Jun-06,115
06-Jun-06,115
07-Jun-06,115
08-Jun-06,115
11-Jun-06,115
12-Jun-06,115
13-Jun-06,115
14-Jun-06,115
15-Jun-06,115
18-Jun-06,115
19-Jun-06,115
20-Jun-06,115
21-Jun-06,115
22-Jun-06,115
25-Jun-06,115
26-Jun-06,115
27-Jun-06,115
28-Jun-06,115
29-Jun-06,115
30-Jun-06,115
02-Jul-06,115
03-Jul-06,115
04-Jul-06,115
05-Jul-06,115
06-Jul-06,115
09-Jul-06,115
10-Jul-06,115
11-Jul-06,115
12-Jul-06,115
13-Jul-06,115
16-Jul-06,115
17-Jul-06,115
18-Jul-06,115
19-Jul-06,115
20-Jul-06,115
23-Jul-06,115
24-Jul-06,115
25-Jul-06,115
26-Jul-06,115
27-Jul-06,115
30-Jul-06,115
31-Jul-06,115
01-Aug-06,115
02-Aug-06,115
03-Aug-06,115
06-Aug-06,115
07-Aug-06,115
08-Aug-06,115
09-Aug-06,115
10-Aug-06,115
13-Aug-06,115
14-Aug-06,115
15-Aug-06,115
16-Aug-06,115
17-Aug-06,115
20-Aug-06,115
21-Aug-06,115
22-Aug-06,115
23-Aug-06,115
24-Aug-06,115
28-Aug-06,115
29-Aug-06,115
30-Aug-06,115
31-Aug-06,115
03-Sep-06,115
04-Sep-06,115
05-Sep-06,115
06-Sep-06,115
07-Sep-06,115
10-Sep-06,115
11-Sep-06,115
12-Sep-06,115
13-Sep-06,115
14-Sep-06,115
17-Sep-06,115
18-Sep-06,115
19-Sep-06,115
20-Sep-06,115
21-Sep-06,115
24-Sep-06,115
25-Sep-06,115
26-Sep-06,115
27-Sep-06,115
28-Sep-06,115
30-Sep-06,115
01-Oct-06,115
02-Oct-06,115
03-Oct-06,115
04-Oct-06,115
05-Oct-06,115
08-Oct-06,115
09-Oct-06,115
10-Oct-06,115
11-Oct-06,115
12-Oct-06,115
15-Oct-06,115
16-Oct-06,115
17-Oct-06,115
18-Oct-06,115
19-Oct-06,115
22-Oct-06,115
23-Oct-06,115
24-Oct-06,115
25-Oct-06,115
26-Oct-06,115
29-Oct-06,115
30-Oct-06,115
31-Oct-06,115
01-Nov-06,115
02-Nov-06,115
05-Nov-06,115
06-Nov-06,115
07-Nov-06,115
08-Nov-06,115
09-Nov-06,115
12-Nov-06,115
13-Nov-06,115
14-Nov-06,115
15-Nov-06,115
16-Nov-06,115
19-Nov-06,115
20-Nov-06,115
21-Nov-06,115
22-Nov-06,115
23-Nov-06,115
26-Nov-06,115
27-Nov-06,115
28-Nov-06,115
29-Nov-06,115
30-Nov-06,115
03-Dec-06,115
04-Dec-06,115
05-Dec-06,115
06-Dec-06,115
07-Dec-06,115
10-Dec-06,115
11-Dec-06,115
12-Dec-06,115
13-Dec-06,115
14-Dec-06,115
17-Dec-06,115
18-Dec-06,115
19-Dec-06,115
20-Dec-06,115
21-Dec-06,115
27-Dec-06,115
28-Dec-06,115
31-Dec-06,115
02-Jan-07,115
03-Jan-07,115
04-Jan-07,115
07-Jan-07,115
08-Jan-07,115
09-Jan-07,115
10-Jan-07,115
11-Jan-07,115
14-Jan-07,115
15-Jan-07,115
16-Jan-07,115
17-Jan-07,115
18-Jan-07,115
21-Jan-07,115
22-Jan-07,115
23-Jan-07,115
24-Jan-07,115
25-Jan-07,115
28-Jan-07,115
29-Jan-07,115
30-Jan-07,115
31-Jan-07,115
01-Feb-07,115
04-Feb-07,115
05-Feb-07,115
06-Feb-07,115
07-Feb-07,115
08-Feb-07,115
11-Feb-07,115
12-Feb-07,115
13-Feb-07,115
14-Feb-07,115
15-Feb-07,115
18-Feb-07,115
19-Feb-07,115
20-Feb-07,115
21-Feb-07,115
22-Feb-07,115
25-Feb-07,115
26-Feb-07,115
27-Feb-07,115
28-Feb-07,115
03-Mar-07,115
04-Mar-07,115
05-Mar-07,115
06-Mar-07,115
07-Mar-07,115
10-Mar-07,115
11-Mar-07,115
12-Mar-07,115
13-Mar-07,115
14-Mar-07,115
17-Mar-07,115
18-Mar-07,115
19-Mar-07,115
20-Mar-07,115
25-Mar-07,115
26-Mar-07,115
27-Mar-07,115
28-Mar-07,115
31-Mar-07,115
01-Apr-07,98
02-Apr-07,98
03-Apr-07,98
04-Apr-07,98
05-Apr-07,98
10-Apr-07,98
11-Apr-07,98
12-Apr-07,98
13-Apr-07,98
16-Apr-07,98
17-Apr-07,98
18-Apr-07,98
19-Apr-07,98
20-Apr-07,98
23-Apr-07,98
24-Apr-07,98
25-Apr-07,98
26-Apr-07,98
27-Apr-07,98
30-Apr-07,98
01-May-07,98
02-May-07,98
03-May-07,98
04-May-07,98
08-May-07,98
09-May-07,98
10-May-07,98
11-May-07,98
14-May-07,98
15-May-07,98
16-May-07,98
17-May-07,98
18-May-07,98
21-May-07,98
22-May-07,98
23-May-07,98
24-May-07,98
25-May-07,98
29-May-07,98
30-May-07,98
31-May-07,98
01-Jun-07,98
04-Jun-07,98
05-Jun-07,98
06-Jun-07,98
07-Jun-07,98
08-Jun-07,98
11-Jun-07,98
12-Jun-07,98
13-Jun-07,98
14-Jun-07,98
15-Jun-07,98
18-Jun-07,98
19-Jun-07,98
20-Jun-07,98
21-Jun-07,98
22-Jun-07,98
25-Jun-07,98
26-Jun-07,98
27-Jun-07,98
28-Jun-07,98
29-Jun-07,98
30-Jun-07,98
02-Jul-07,98
03-Jul-07,98
04-Jul-07,98
05-Jul-07,98
06-Jul-07,98
09-Jul-07,98
10-Jul-07,98
11-Jul-07,98
12-Jul-07,98
13-Jul-07,98
16-Jul-07,98
17-Jul-07,98
18-Jul-07,98
19-Jul-07,98
20-Jul-07,98
23-Jul-07,98
24-Jul-07,98
25-Jul-07,98
26-Jul-07,98
27-Jul-07,98
30-Jul-07,98
31-Jul-07,98
01-Aug-07,98
02-Aug-07,98
03-Aug-07,98
06-Aug-07,98
07-Aug-07,98
08-Aug-07,98
09-Aug-07,98
10-Aug-07,98
13-Aug-07,98
14-Aug-07,98
15-Aug-07,98
16-Aug-07,98
17-Aug-07,98
20-Aug-07,98
21-Aug-07,98
22-Aug-07,98
23-Aug-07,98
24-Aug-07,98
28-Aug-07,98
29-Aug-07,98
30-Aug-07,98
31-Aug-07,98
03-Sep-07,98
04-Sep-07,98
05-Sep-07,98
06-Sep-07,98
07-Sep-07,98
10-Sep-07,98
11-Sep-07,98
12-Sep-07,98
13-Sep-07,98
14-Sep-07,98
17-Sep-07,98
18-Sep-07,98
19-Sep-07,98
20-Sep-07,98
21-Sep-07,98
24-Sep-07,98
25-Sep-07,98
26-Sep-07,98
27-Sep-07,98
28-Sep-07,98
01-Oct-07,98
02-Oct-07,98
03-Oct-07,98
04-Oct-07,98
05-Oct-07,98
08-Oct-07,98
09-Oct-07,98
10-Oct-07,98
11-Oct-07,98
12-Oct-07,98
15-Oct-07,98
16-Oct-07,98
17-Oct-07,98
18-Oct-07,98
19-Oct-07,98
22-Oct-07,98
23-Oct-07,98
24-Oct-07,98
25-Oct-07,98
26-Oct-07,98
29-Oct-07,98
30-Oct-07,98
31-Oct-07,98
01-Nov-07,98
02-Nov-07,98
05-Nov-07,98
06-Nov-07,98
07-Nov-07,98
08-Nov-07,98
09-Nov-07,98
12-Nov-07,98
13-Nov-07,98
14-Nov-07,98
15-Nov-07,98
16-Nov-07,98
19-Nov-07,98
20-Nov-07,98
21-Nov-07,98
22-Nov-07,98
23-Nov-07,98
26-Nov-07,98
27-Nov-07,98
28-Nov-07,98
29-Nov-07,98
30-Nov-07,98
03-Dec-07,98
04-Dec-07,98
05-Dec-07,98
06-Dec-07,98
07-Dec-07,98
10-Dec-07,98
11-Dec-07,98
12-Dec-07,98
13-Dec-07,98
14-Dec-07,98
17-Dec-07,98
18-Dec-07,98
19-Dec-07,98
20-Dec-07,98
21-Dec-07,98
27-Dec-07,98
28-Dec-07,98
31-Dec-07,98
02-Jan-08,98
03-Jan-08,98
04-Jan-08,98
07-Jan-08,98
08-Jan-08,98
09-Jan-08,98
10-Jan-08,98
11-Jan-08,98
14-Jan-08,98
15-Jan-08,98
16-Jan-08,98
17-Jan-08,98
18-Jan-08,98
21-Jan-08,98
22-Jan-08,98
23-Jan-08,98
24-Jan-08,98
25-Jan-08,98
28-Jan-08,98
29-Jan-08,98
30-Jan-08,98
31-Jan-08,98
01-Feb-08,98
04-Feb-08,98
05-Feb-08,98
06-Feb-08,98
07-Feb-08,98
08-Feb-08,98
11-Feb-08,98
12-Feb-08,98
13-Feb-08,98
14-Feb-08,98
15-Feb-08,98
18-Feb-08,98
19-Feb-08,98
20-Feb-08,98
21-Feb-08,98
22-Feb-08,98
25-Feb-08,98
26-Feb-08,98
27-Feb-08,98
28-Feb-08,98
29-Feb-08,98
03-Mar-08,98
04-Mar-08,98
05-Mar-08,98
06-Mar-08,98
07-Mar-08,98
10-Mar-08,98
11-Mar-08,98
12-Mar-08,98
13-Mar-08,98
14-Mar-08,98
17-Mar-08,98
18-Mar-08,98
19-Mar-08,98
20-Mar-08,98
25-Mar-08,98
26-Mar-08,98
27-Mar-08,98
28-Mar-08,98
31-Mar-08,98
01-Apr-08,298
02-Apr-08,298
03-Apr-08,298
04-Apr-08,298
07-Apr-08,298
08-Apr-08,298
09-Apr-08,298
10-Apr-08,298
11-Apr-08,298
14-Apr-08,298
15-Apr-08,298
16-Apr-08,298
17-Apr-08,298
18-Apr-08,298
21-Apr-08,298
22-Apr-08,298
23-Apr-08,298
24-Apr-08,298
25-Apr-08,298
28-Apr-08,298
29-Apr-08,298
30-Apr-08,298
01-May-08,298
02-May-08,298
06-May-08,298
07-May-08,298
08-May-08,298
09-May-08,298
12-May-08,298
13-May-08,298
14-May-08,298
15-May-08,298
16-May-08,298
19-May-08,298
20-May-08,298
21-May-08,298
22-May-08,298
23-May-08,298
27-May-08,298
28-May-08,298
29-May-08,298
30-May-08,298
31-May-08,298
02-Jun-08,298
03-Jun-08,298
04-Jun-08,298
05-Jun-08,298
06-Jun-08,298
09-Jun-08,298
10-Jun-08,298
11-Jun-08,298
12-Jun-08,298
13-Jun-08,298
16-Jun-08,298
17-Jun-08,298
18-Jun-08,298
19-Jun-08,298
20-Jun-08,298
23-Jun-08,298
24-Jun-08,298
25-Jun-08,298
26-Jun-08,298
27-Jun-08,298
30-Jun-08,298
01-Jul-08,298
02-Jul-08,298
03-Jul-08,298
04-Jul-08,298
07-Jul-08,298
08-Jul-08,298
09-Jul-08,298
10-Jul-08,298
11-Jul-08,298
14-Jul-08,298
15-Jul-08,298
16-Jul-08,298
17-Jul-08,298
18-Jul-08,298
21-Jul-08,298
22-Jul-08,298
23-Jul-08,298
24-Jul-08,298
25-Jul-08,298
28-Jul-08,298
29-Jul-08,298
30-Jul-08,298
31-Jul-08,298
01-Aug-08,298
04-Aug-08,298
05-Aug-08,298
06-Aug-08,298
07-Aug-08,298
08-Aug-08,298
11-Aug-08,298
12-Aug-08,298
13-Aug-08,298
14-Aug-08,298
15-Aug-08,298
18-Aug-08,298
19-Aug-08,298
20-Aug-08,298
21-Aug-08,298
22-Aug-08,298
26-Aug-08,298
27-Aug-08,298
28-Aug-08,298
29-Aug-08,298
31-Aug-08,298
01-Sep-08,298
02-Sep-08,298
03-Sep-08,298
04-Sep-08,298
05-Sep-08,298
08-Sep-08,298
09-Sep-08,298
10-Sep-08,298
11-Sep-08,298
12-Sep-08,298
15-Sep-08,298
16-Sep-08,298
17-Sep-08,298
18-Sep-08,298
19-Sep-08,298
22-Sep-08,298
23-Sep-08,298
24-Sep-08,298
25-Sep-08,298
26-Sep-08,298
29-Sep-08,298
30-Sep-08,298
01-Oct-08,298
02-Oct-08,298
03-Oct-08,298
06-Oct-08,298
07-Oct-08,298
08-Oct-08,298
09-Oct-08,298
10-Oct-08,298
13-Oct-08,298
14-Oct-08,298
15-Oct-08,298
16-Oct-08,298
17-Oct-08,298
20-Oct-08,298
21-Oct-08,298
22-Oct-08,298
23-Oct-08,298
24-Oct-08,298
27-Oct-08,298
28-Oct-08,298
29-Oct-08,298
30-Oct-08,298
31-Oct-08,298
03-Nov-08,298
04-Nov-08,298
05-Nov-08,298
06-Nov-08,298
07-Nov-08,298
10-Nov-08,298
11-Nov-08,298
12-Nov-08,298
13-Nov-08,298
14-Nov-08,298
17-Nov-08,298
18-Nov-08,298
19-Nov-08,298
20-Nov-08,298
21-Nov-08,298
24-Nov-08,298
25-Nov-08,298
26-Nov-08,298
27-Nov-08,298
28-Nov-08,298
30-Nov-08,298
01-Dec-08,298
02-Dec-08,298
03-Dec-08,298
04-Dec-08,298
05-Dec-08,298
08-Dec-08,298
09-Dec-08,298
10-Dec-08,298
11-Dec-08,298
12-Dec-08,298
15-Dec-08,298
16-Dec-08,298
17-Dec-08,298
18-Dec-08,298
19-Dec-08,298
22-Dec-08,298
23-Dec-08,298
24-Dec-08,298
29-Dec-08,298
30-Dec-08,298
31-Dec-08,298
02-Jan-09,298
05-Jan-09,298
06-Jan-09,298
07-Jan-09,298
08-Jan-09,298
09-Jan-09,298
12-Jan-09,298
13-Jan-09,298
14-Jan-09,298
15-Jan-09,298
16-Jan-09,298
19-Jan-09,298
20-Jan-09,298
21-Jan-09,298
22-Jan-09,298
23-Jan-09,298
26-Jan-09,298
27-Jan-09,298
28-Jan-09,298
29-Jan-09,298
30-Jan-09,298
31-Jan-09,298
02-Feb-09,298
03-Feb-09,298
04-Feb-09,298
05-Feb-09,298
06-Feb-09,298
09-Feb-09,298
10-Feb-09,298
11-Feb-09,298
12-Feb-09,298
13-Feb-09,298
16-Feb-09,298
17-Feb-09,298
18-Feb-09,298
19-Feb-09,298
20-Feb-09,298
23-Feb-09,298
24-Feb-09,298
25-Feb-09,298
26-Feb-09,298
27-Feb-09,298
28-Feb-09,298
02-Mar-09,298
03-Mar-09,298
04-Mar-09,298
05-Mar-09,298
06-Mar-09,298
09-Mar-09,298
10-Mar-09,298
11-Mar-09,298
12-Mar-09,298
13-Mar-09,298
16-Mar-09,298
17-Mar-09,298
18-Mar-09,298
19-Mar-09,298
20-Mar-09,298
23-Mar-09,298
24-Mar-09,298
25-Mar-09,298
26-Mar-09,298
27-Mar-09,298
30-Mar-09,298
31-Mar-09,298
01-Apr-09,129
02-Apr-09,129
03-Apr-09,129
06-Apr-09,129
07-Apr-09,129
08-Apr-09,129
09-Apr-09,129
14-Apr-09,129
15-Apr-09,129
16-Apr-09,129
17-Apr-09,129
20-Apr-09,129
21-Apr-09,129
22-Apr-09,129
23-Apr-09,129
24-Apr-09,129
27-Apr-09,129
28-Apr-09,129
29-Apr-09,129
30-Apr-09,129
01-May-09,129
05-May-09,129
06-May-09,129
07-May-09,129
08-May-09,129
11-May-09,129
12-May-09,129
13-May-09,129
14-May-09,129
15-May-09,129
18-May-09,129
19-May-09,129
20-May-09,129
21-May-09,129
22-May-09,129
26-May-09,129
27-May-09,129
28-May-09,129
29-May-09,129
31-May-09,129
01-Jun-09,129
02-Jun-09,129
03-Jun-09,129
04-Jun-09,129
05-Jun-09,129
08-Jun-09,129
09-Jun-09,129
10-Jun-09,129
11-Jun-09,129
12-Jun-09,129
15-Jun-09,129
16-Jun-09,129
17-Jun-09,129
18-Jun-09,129
19-Jun-09,129
22-Jun-09,129
23-Jun-09,129
24-Jun-09,129
25-Jun-09,129
26-Jun-09,129
29-Jun-09,129
30-Jun-09,129
01-Jul-09,129
02-Jul-09,129
03-Jul-09,129
06-Jul-09,129
07-Jul-09,129
08-Jul-09,129
09-Jul-09,129
10-Jul-09,129
13-Jul-09,129
14-Jul-09,129
15-Jul-09,129
16-Jul-09,129
17-Jul-09,129
20-Jul-09,129
21-Jul-09,129
22-Jul-09,129
23-Jul-09,129
24-Jul-09,129
27-Jul-09,129
28-Jul-09,129
29-Jul-09,129
30-Jul-09,129
31-Jul-09,129
03-Aug-09,129
04-Aug-09,129
05-Aug-09,129
06-Aug-09,129
07-Aug-09,129
10-Aug-09,129
11-Aug-09,129
12-Aug-09,129
13-Aug-09,129
14-Aug-09,129
17-Aug-09,129
18-Aug-09,129
19-Aug-09,129
20-Aug-09,129
21-Aug-09,129
24-Aug-09,129
25-Aug-09,129
26-Aug-09,129
27-Aug-09,129
28-Aug-09,129
31-Aug-09,129
01-Sep-09,129
02-Sep-09,129
03-Sep-09,129
04-Sep-09,129
07-Sep-09,129
08-Sep-09,129
09-Sep-09,129
10-Sep-09,129
11-Sep-09,129
14-Sep-09,129
15-Sep-09,129
16-Sep-09,129
17-Sep-09,129
18-Sep-09,129
21-Sep-09,129
22-Sep-09,129
23-Sep-09,129
24-Sep-09,129
25-Sep-09,129
28-Sep-09,129
29-Sep-09,129
30-Sep-09,129
01-Oct-09,129
02-Oct-09,129
05-Oct-09,129
06-Oct-09,129
07-Oct-09,129
08-Oct-09,129
09-Oct-09,129
12-Oct-09,129
13-Oct-09,129
14-Oct-09,129
15-Oct-09,129
16-Oct-09,129
19-Oct-09,129
20-Oct-09,129
21-Oct-09,129
22-Oct-09,129
23-Oct-09,129
26-Oct-09,129
27-Oct-09,129
28-Oct-09,129
29-Oct-09,129
30-Oct-09,129
31-Oct-09,129
02-Nov-09,129
03-Nov-09,129
04-Nov-09,129
05-Nov-09,129
06-Nov-09,129
09-Nov-09,129
10-Nov-09,129
11-Nov-09,129
12-Nov-09,129
13-Nov-09,129
16-Nov-09,129
17-Nov-09,129
18-Nov-09,129
19-Nov-09,129
20-Nov-09,129
23-Nov-09,129
24-Nov-09,129
25-Nov-09,129
26-Nov-09,129
27-Nov-09,129
30-Nov-09,129
01-Dec-09,129
02-Dec-09,129
03-Dec-09,129
04-Dec-09,129
07-Dec-09,129
08-Dec-09,129
09-Dec-09,129
10-Dec-09,129
11-Dec-09,129
14-Dec-09,129
15-Dec-09,129
16-Dec-09,129
17-Dec-09,129
18-Dec-09,129
21-Dec-09,129
22-Dec-09,129
23-Dec-09,129
24-Dec-09,129
29-Dec-09,129
30-Dec-09,129
31-Dec-09,129
04-Jan-10,129
05-Jan-10,129
06-Jan-10,129
07-Jan-10,129
08-Jan-10,129
11-Jan-10,129
12-Jan-10,129
13-Jan-10,129
14-Jan-10,129
15-Jan-10,129
18-Jan-10,129
19-Jan-10,129
20-Jan-10,129
21-Jan-10,129
22-Jan-10,129
25-Jan-10,129
26-Jan-10,129
27-Jan-10,129
28-Jan-10,129
29-Jan-10,129
31-Jan-10,129
01-Feb-10,129
02-Feb-10,129
03-Feb-10,129
04-Feb-10,129
05-Feb-10,129
08-Feb-10,129
09-Feb-10,129
10-Feb-10,129
11-Feb-10,129
12-Feb-10,129
15-Feb-10,129
16-Feb-10,129
17-Feb-10,129
18-Feb-10,129
19-Feb-10,129
22-Feb-10,129
23-Feb-10,129
24-Feb-10,129
25-Feb-10,129
26-Feb-10,129
28-Feb-10,129
01-Mar-10,129
02-Mar-10,129
03-Mar-10,129
04-Mar-10,129
05-Mar-10,129
08-Mar-10,129
09-Mar-10,129
10-Mar-10,129
11-Mar-10,129
12-Mar-10,129
15-Mar-10,129
16-Mar-10,129
17-Mar-10,129
18-Mar-10,129
19-Mar-10,129
22-Mar-10,129
23-Mar-10,129
24-Mar-10,129
25-Mar-10,129
26-Mar-10,129
29-Mar-10,129
30-Mar-10,129
31-Mar-10,129
01-Apr-10,200
06-Apr-10,200
07-Apr-10,200
08-Apr-10,200
09-Apr-10,200
12-Apr-10,200
13-Apr-10,200
14-Apr-10,200
15-Apr-10,200
16-Apr-10,200
19-Apr-10,200
20-Apr-10,200
21-Apr-10,200
22-Apr-10,200
23-Apr-10,200
26-Apr-10,200
27-Apr-10,200
28-Apr-10,200
29-Apr-10,200
30-Apr-10,200
04-May-10,200
05-May-10,200
06-May-10,200
07-May-10,200
10-May-10,200
11-May-10,200
12-May-10,200
13-May-10,200
14-May-10,200
17-May-10,200
18-May-10,200
19-May-10,200
20-May-10,200
21-May-10,200
24-May-10,200
25-May-10,200
26-May-10,200
27-May-10,200
28-May-10,200
31-May-10,200
01-Jun-10,200
02-Jun-10,200
03-Jun-10,200
04-Jun-10,200
07-Jun-10,200
08-Jun-10,200
09-Jun-10,200
10-Jun-10,200
11-Jun-10,200
14-Jun-10,200
15-Jun-10,200
16-Jun-10,200
17-Jun-10,200
18-Jun-10,200
21-Jun-10,200
22-Jun-10,200
23-Jun-10,200
24-Jun-10,200
25-Jun-10,200
28-Jun-10,200
29-Jun-10,200
30-Jun-10,200
01-Jul-10,222
02-Jul-10,222
05-Jul-10,222
06-Jul-10,222
07-Jul-10,222
08-Jul-10,222
09-Jul-10,222
12-Jul-10,222
13-Jul-10,222
14-Jul-10,222
15-Jul-10,222
16-Jul-10,222
19-Jul-10,222
20-Jul-10,222
21-Jul-10,222
22-Jul-10,222
23-Jul-10,222
26-Jul-10,222
27-Jul-10,222
28-Jul-10,222
29-Jul-10,222
30-Jul-10,222
31-Jul-10,225
02-Aug-10,222
03-Aug-10,222
04-Aug-10,222
05-Aug-10,222
06-Aug-10,222
09-Aug-10,222
10-Aug-10,222
11-Aug-10,222
12-Aug-10,222
13-Aug-10,222
16-Aug-10,222
17-Aug-10,222
18-Aug-10,222
19-Aug-10,222
20-Aug-10,222
23-Aug-10,222
24-Aug-10,222
25-Aug-10,222
26-Aug-10,222
27-Aug-10,222
31-Aug-10,222
01-Sep-10,222
02-Sep-10,222
03-Sep-10,222
06-Sep-10,222
07-Sep-10,222
08-Sep-10,222
09-Sep-10,222
10-Sep-10,222
13-Sep-10,222
14-Sep-10,222
15-Sep-10,222
16-Sep-10,222
17-Sep-10,222
20-Sep-10,222
21-Sep-10,222
22-Sep-10,222
23-Sep-10,222
24-Sep-10,222
27-Sep-10,222
28-Sep-10,222
29-Sep-10,222
30-Sep-10,222
01-Oct-10,209
04-Oct-10,209
05-Oct-10,209
06-Oct-10,209
07-Oct-10,209
08-Oct-10,209
11-Oct-10,209
12-Oct-10,209
13-Oct-10,209
14-Oct-10,209
15-Oct-10,209
18-Oct-10,209
19-Oct-10,209
20-Oct-10,209
21-Oct-10,209
22-Oct-10,209
25-Oct-10,209
26-Oct-10,209
27-Oct-10,209
28-Oct-10,209
29-Oct-10,209
31-Oct-10,209
01-Nov-10,209
02-Nov-10,209
03-Nov-10,209
04-Nov-10,209
05-Nov-10,209
08-Nov-10,209
09-Nov-10,209
10-Nov-10,209
11-Nov-10,209
12-Nov-10,209
15-Nov-10,209
16-Nov-10,209
17-Nov-10,209
18-Nov-10,209
19-Nov-10,209
22-Nov-10,209
23-Nov-10,209
24-Nov-10,209
25-Nov-10,209
26-Nov-10,209
29-Nov-10,209
30-Nov-10,209
01-Dec-10,209
02-Dec-10,209
03-Dec-10,209
06-Dec-10,209
07-Dec-10,209
08-Dec-10,209
09-Dec-10,209
10-Dec-10,209
13-Dec-10,209
14-Dec-10,209
15-Dec-10,209
16-Dec-10,209
17-Dec-10,209
20-Dec-10,209
21-Dec-10,209
22-Dec-10,209
23-Dec-10,209
24-Dec-10,209
29-Dec-10,209
30-Dec-10,209
31-Dec-10,209
04-Jan-11,225
05-Jan-11,225
06-Jan-11,225
07-Jan-11,225
10-Jan-11,225
11-Jan-11,225
12-Jan-11,225
13-Jan-11,225
14-Jan-11,225
17-Jan-11,225
18-Jan-11,225
19-Jan-11,225
20-Jan-11,225
21-Jan-11,225
24-Jan-11,225
25-Jan-11,225
26-Jan-11,225
27-Jan-11,225
28-Jan-11,225
31-Jan-11,225
01-Feb-11,225
02-Feb-11,225
03-Feb-11,225
04-Feb-11,225
07-Feb-11,225
08-Feb-11,225
09-Feb-11,225
10-Feb-11,225
11-Feb-11,225
14-Feb-11,225
15-Feb-11,225
16-Feb-11,225
17-Feb-11,225
18-Feb-11,225
21-Feb-11,225
22-Feb-11,225
23-Feb-11,225
24-Feb-11,225
25-Feb-11,225
28-Feb-11,225
01-Mar-11,225
02-Mar-11,225
03-Mar-11,225
04-Mar-11,225
07-Mar-11,225
08-Mar-11,225
09-Mar-11,225
10-Mar-11,225
11-Mar-11,225
14-Mar-11,225
15-Mar-11,225
16-Mar-11,225
17-Mar-11,225
18-Mar-11,225
21-Mar-11,225
22-Mar-11,225
23-Mar-11,225
24-Mar-11,225
25-Mar-11,225
28-Mar-11,225
29-Mar-11,225
30-Mar-11,225
31-Mar-11,225
01-Apr-11,330
04-Apr-11,330
05-Apr-11,330
06-Apr-11,330
07-Apr-11,330
08-Apr-11,330
11-Apr-11,330
12-Apr-11,330
13-Apr-11,330
14-Apr-11,330
15-Apr-11,330
18-Apr-11,330
19-Apr-11,330
20-Apr-11,330
21-Apr-11,330
26-Apr-11,330
27-Apr-11,330
28-Apr-11,330
30-Apr-11,330
03-May-11,330
04-May-11,330
05-May-11,330
06-May-11,330
09-May-11,330
10-May-11,330
11-May-11,330
12-May-11,330
13-May-11,330
16-May-11,330
17-May-11,330
18-May-11,330
19-May-11,330
20-May-11,330
23-May-11,330
24-May-11,330
25-May-11,330
26-May-11,330
27-May-11,330
31-May-11,330
01-Jun-11,330
02-Jun-11,330
03-Jun-11,330
06-Jun-11,330
07-Jun-11,330
08-Jun-11,330
09-Jun-11,330
10-Jun-11,330
13-Jun-11,330
14-Jun-11,330
15-Jun-11,330
16-Jun-11,330
17-Jun-11,330
20-Jun-11,330
21-Jun-11,330
22-Jun-11,330
23-Jun-11,330
24-Jun-11,330
27-Jun-11,330
28-Jun-11,330
29-Jun-11,330
30-Jun-11,330
01-Jul-11,315
04-Jul-11,315
05-Jul-11,315
06-Jul-11,315
07-Jul-11,315
08-Jul-11,315
11-Jul-11,315
12-Jul-11,315
13-Jul-11,315
14-Jul-11,315
15-Jul-11,315
18-Jul-11,315
19-Jul-11,315
20-Jul-11,315
21-Jul-11,315
22-Jul-11,315
25-Jul-11,315
26-Jul-11,315
27-Jul-11,315
28-Jul-11,315
29-Jul-11,315
31-Jul-11,315
01-Aug-11,315
02-Aug-11,315
03-Aug-11,315
04-Aug-11,315
05-Aug-11,315
08-Aug-11,315
09-Aug-11,315
10-Aug-11,315
11-Aug-11,315
12-Aug-11,315
15-Aug-11,315
16-Aug-11,315
17-Aug-11,315
18-Aug-11,315
19-Aug-11,315
22-Aug-11,315
23-Aug-11,315
24-Aug-11,315
25-Aug-11,315
26-Aug-11,315
27-Aug-11,315
31-Aug-11,315
01-Sep-11,315
02-Sep-11,315
03-Sep-11,315
06-Sep-11,315
07-Sep-11,315
08-Sep-11,315
09-Sep-11,315
10-Sep-11,315
13-Sep-11,315
14-Sep-11,315
15-Sep-11,315
16-Sep-11,315
17-Sep-11,315
20-Sep-11,315
21-Sep-11,315
22-Sep-11,315
23-Sep-11,315
24-Sep-11,315
27-Sep-11,315
28-Sep-11,315
29-Sep-11,315
30-Sep-11,315
01-Oct-11,285
04-Oct-11,285
05-Oct-11,285
06-Oct-11,285
07-Oct-11,285
08-Oct-11,285
11-Oct-11,285
12-Oct-11,285
13-Oct-11,285
14-Oct-11,285
15-Oct-11,285
18-Oct-11,285
19-Oct-11,285
20-Oct-11,285
21-Oct-11,285
22-Oct-11,285
25-Oct-11,285
26-Oct-11,285
27-Oct-11,285
28-Oct-11,285
29-Oct-11,285
01-Nov-11,285
02-Nov-11,285
03-Nov-11,285
04-Nov-11,285
05-Nov-11,285
08-Nov-11,285
09-Nov-11,285
10-Nov-11,285
11-Nov-11,285
12-Nov-11,285
15-Nov-11,285
16-Nov-11,285
17-Nov-11,285
18-Nov-11,285
19-Nov-11,285
22-Nov-11,285
23-Nov-11,285
24-Nov-11,285
25-Nov-11,285
26-Nov-11,285
29-Nov-11,285
30-Nov-11,285
01-Dec-11,285
02-Dec-11,285
03-Dec-11,285
06-Dec-11,285
07-Dec-11,285
08-Dec-11,285
09-Dec-11,285
10-Dec-11,285
13-Dec-11,285
14-Dec-11,285
15-Dec-11,285
16-Dec-11,285
17-Dec-11,285
20-Dec-11,285
21-Dec-11,285
22-Dec-11,285
23-Dec-11,285
24-Dec-11,285
29-Dec-11,285
30-Dec-11,285
31-Dec-11,285
04-Jan-12,235
05-Jan-12,235
06-Jan-12,235
07-Jan-12,235
10-Jan-12,235
11-Jan-12,235
12-Jan-12,235
13-Jan-12,235
14-Jan-12,235
17-Jan-12,235
18-Jan-12,235
19-Jan-12,235
20-Jan-12,235
21-Jan-12,235
24-Jan-12,235
25-Jan-12,235
26-Jan-12,235
27-Jan-12,235
28-Jan-12,235
31-Jan-12,235
01-Feb-12,235
02-Feb-12,235
03-Feb-12,235
04-Feb-12,235
07-Feb-12,235
08-Feb-12,235
09-Feb-12,235
10-Feb-12,235
11-Feb-12,235
14-Feb-12,235
15-Feb-12,235
16-Feb-12,235
17-Feb-12,235
18-Feb-12,235
21-Feb-12,235
22-Feb-12,235
23-Feb-12,235
24-Feb-12,235
25-Feb-12,235
28-Feb-12,235
01-Mar-12,235
02-Mar-12,235
03-Mar-12,235
04-Mar-12,235
07-Mar-12,235
08-Mar-12,235
09-Mar-12,235
10-Mar-12,235
11-Mar-12,235
14-Mar-12,235
15-Mar-12,235
16-Mar-12,235
17-Mar-12,235
18-Mar-12,235
21-Mar-12,235
22-Mar-12,235
23-Mar-12,235
24-Mar-12,235
25-Mar-12,235
28-Mar-12,235
29-Mar-12,235
30-Mar-12,235
31-Mar-12,235
01-Apr-12,210
04-Apr-12,210
05-Apr-12,210
06-Apr-12,210
07-Apr-12,210
08-Apr-12,210
11-Apr-12,210
12-Apr-12,210
13-Apr-12,210
14-Apr-12,210
15-Apr-12,210
18-Apr-12,210
19-Apr-12,210
20-Apr-12,210
21-Apr-12,210
26-Apr-12,210
27-Apr-12,210
28-Apr-12,210
03-May-12,210
04-May-12,210
05-May-12,210
06-May-12,210
09-May-12,210
10-May-12,210
11-May-12,210
12-May-12,210
13-May-12,210
16-May-12,210
17-May-12,210
18-May-12,210
19-May-12,210
20-May-12,210
23-May-12,210
24-May-12,210
25-May-12,210
26-May-12,210
27-May-12,210
31-May-12,210
01-Jun-12,210
02-Jun-12,210
03-Jun-12,210
06-Jun-12,210
07-Jun-12,210
08-Jun-12,210
09-Jun-12,210
10-Jun-12,210
13-Jun-12,210
14-Jun-12,210
15-Jun-12,210
16-Jun-12,210
17-Jun-12,210
20-Jun-12,210
21-Jun-12,210
22-Jun-12,210
23-Jun-12,210
24-Jun-12,210
27-Jun-12,210
28-Jun-12,210
29-Jun-12,210
30-Jun-12,210
01-Jul-12,225
02-Jul-12,225
05-Jul-12,225
06-Jul-12,225
07-Jul-12,225
08-Jul-12,225
09-Jul-12,225
12-Jul-12,225
13-Jul-12,225
14-Jul-12,225
15-Jul-12,225
16-Jul-12,225
19-Jul-12,225
20-Jul-12,225
21-Jul-12,225
22-Jul-12,225
23-Jul-12,225
26-Jul-12,225
27-Jul-12,225
28-Jul-12,225
29-Jul-12,225
30-Jul-12,225
02-Aug-12,225
03-Aug-12,225
04-Aug-12,225
05-Aug-12,225
06-Aug-12,225
09-Aug-12,225
10-Aug-12,225
11-Aug-12,225
12-Aug-12,225
13-Aug-12,225
16-Aug-12,225
17-Aug-12,225
18-Aug-12,225
19-Aug-12,225
20-Aug-12,225
23-Aug-12,225
24-Aug-12,225
25-Aug-12,225
26-Aug-12,225
27-Aug-12,225
31-Aug-12,225
01-Sep-12,225
02-Sep-12,225
03-Sep-12,225
06-Sep-12,225
07-Sep-12,225
08-Sep-12,225
09-Sep-12,225
10-Sep-12,225
13-Sep-12,225
14-Sep-12,225
15-Sep-12,225
16-Sep-12,225
17-Sep-12,225
20-Sep-12,225
21-Sep-12,225
22-Sep-12,225
23-Sep-12,225
24-Sep-12,225
27-Sep-12,225
28-Sep-12,225
29-Sep-12,225
30-Sep-12,225
01-Oct-12,170
04-Oct-12,170
05-Oct-12,170
06-Oct-12,170
07-Oct-12,170
08-Oct-12,170
11-Oct-12,170
12-Oct-12,170
13-Oct-12,170
14-Oct-12,170
15-Oct-12,170
18-Oct-12,170
19-Oct-12,170
20-Oct-12,170
21-Oct-12,170
22-Oct-12,170
25-Oct-12,170
26-Oct-12,170
27-Oct-12,170
28-Oct-12,170
29-Oct-12,170
01-Nov-12,170
02-Nov-12,170
03-Nov-12,170
04-Nov-12,170
05-Nov-12,170
08-Nov-12,170
09-Nov-12,170
10-Nov-12,170
11-Nov-12,170
12-Nov-12,170
15-Nov-12,170
16-Nov-12,170
17-Nov-12,170
18-Nov-12,170
19-Nov-12,170
22-Nov-12,170
23-Nov-12,170
24-Nov-12,170
25-Nov-12,170
26-Nov-12,170
29-Nov-12,170
30-Nov-12,170
01-Dec-12,170
02-Dec-12,170
03-Dec-12,170
06-Dec-12,170
07-Dec-12,170
08-Dec-12,170
09-Dec-12,170
10-Dec-12,170
13-Dec-12,170
14-Dec-12,170
15-Dec-12,170
16-Dec-12,170
17-Dec-12,170
20-Dec-12,170
21-Dec-12,170
22-Dec-12,170
23-Dec-12,170
24-Dec-12,170
29-Dec-12,170
30-Dec-12,170
31-Dec-12,170
04-Jan-13,165
05-Jan-13,165
06-Jan-13,165
07-Jan-13,165
10-Jan-13,165
11-Jan-13,165
12-Jan-13,165
13-Jan-13,165
14-Jan-13,165
17-Jan-13,165
18-Jan-13,165
19-Jan-13,165
20-Jan-13,165
21-Jan-13,165
24-Jan-13,165
25-Jan-13,165
26-Jan-13,165
27-Jan-13,165
28-Jan-13,165
31-Jan-13,165
01-Feb-13,165
02-Feb-13,165
03-Feb-13,165
04-Feb-13,165
07-Feb-13,165
08-Feb-13,165
09-Feb-13,165
10-Feb-13,165
11-Feb-13,165
14-Feb-13,165
15-Feb-13,165
16-Feb-13,165
17-Feb-13,165
18-Feb-13,165
21-Feb-13,165
22-Feb-13,165
23-Feb-13,165
24-Feb-13,165
25-Feb-13,165
28-Feb-13,165
01-Mar-13,165
02-Mar-13,165
03-Mar-13,165
04-Mar-13,165
07-Mar-13,165
08-Mar-13,165
09-Mar-13,165
10-Mar-13,165
11-Mar-13,165
14-Mar-13,165
15-Mar-13,165
16-Mar-13,165
17-Mar-13,165
18-Mar-13,165
21-Mar-13,165
22-Mar-13,165
23-Mar-13,165
24-Mar-13,165
25-Mar-13,165
28-Mar-13,165
29-Mar-13,165
30-Mar-13,165
31-Mar-13,165
01-Apr-13,172
04-Apr-13,172
05-Apr-13,172
06-Apr-13,172
07-Apr-13,172
08-Apr-13,172
11-Apr-13,172
12-Apr-13,172
13-Apr-13,172
14-Apr-13,172
15-Apr-13,172
18-Apr-13,172
19-Apr-13,172
20-Apr-13,172
21-Apr-13,172
26-Apr-13,172
27-Apr-13,172
28-Apr-13,172
03-May-13,172
04-May-13,172
05-May-13,172
06-May-13,172
09-May-13,172
10-May-13,172
11-May-13,172
12-May-13,172
13-May-13,172
16-May-13,172
17-May-13,172
18-May-13,172
19-May-13,172
20-May-13,172
23-May-13,172
24-May-13,172
25-May-13,172
26-May-13,172
27-May-13,172
31-May-13,172
01-Jun-13,172
02-Jun-13,172
03-Jun-13,172
06-Jun-13,172
07-Jun-13,172
08-Jun-13,172
09-Jun-13,172
10-Jun-13,172
13-Jun-13,172
14-Jun-13,172
15-Jun-13,172
16-Jun-13,172
17-Jun-13,172
20-Jun-13,172
21-Jun-13,172
22-Jun-13,172
23-Jun-13,172
24-Jun-13,172
27-Jun-13,172
28-Jun-13,172
29-Jun-13,172
30-Jun-13,172
01-Jul-13,145
02-Jul-13,145
05-Jul-13,145
06-Jul-13,145
07-Jul-13,145
08-Jul-13,145
09-Jul-13,145
12-Jul-13,145
13-Jul-13,145
14-Jul-13,145
15-Jul-13,145
16-Jul-13,145
19-Jul-13,145
20-Jul-13,145
21-Jul-13,145
22-Jul-13,145
23-Jul-13,145
26-Jul-13,145
27-Jul-13,145
28-Jul-13,145
29-Jul-13,145
30-Jul-13,145
02-Aug-13,145
03-Aug-13,145
04-Aug-13,145
05-Aug-13,145
06-Aug-13,145
09-Aug-13,145
10-Aug-13,145
11-Aug-13,145
12-Aug-13,145
13-Aug-13,145
16-Aug-13,145
17-Aug-13,145
18-Aug-13,145
19-Aug-13,145
20-Aug-13,145
23-Aug-13,145
24-Aug-13,145
25-Aug-13,145
26-Aug-13,145
27-Aug-13,145
31-Aug-13,145
01-Sep-13,145
02-Sep-13,145
03-Sep-13,145
06-Sep-13,145
07-Sep-13,145
08-Sep-13,145
09-Sep-13,145
10-Sep-13,145
13-Sep-13,145
14-Sep-13,145
15-Sep-13,145
16-Sep-13,145
17-Sep-13,145
20-Sep-13,145
21-Sep-13,145
22-Sep-13,145
23-Sep-13,145
24-Sep-13,145
27-Sep-13,145
28-Sep-13,145
29-Sep-13,145
30-Sep-13,145
01-Oct-13,152
04-Oct-13,152
05-Oct-13,152
06-Oct-13,152
07-Oct-13,152
08-Oct-13,152
11-Oct-13,152
12-Oct-13,152
13-Oct-13,152
14-Oct-13,152
15-Oct-13,152
18-Oct-13,152
19-Oct-13,152
20-Oct-13,152
21-Oct-13,152
22-Oct-13,152
25-Oct-13,152
26-Oct-13,152
27-Oct-13,152
28-Oct-13,152
29-Oct-13,152
01-Nov-13,152
02-Nov-13,152
03-Nov-13,152
04-Nov-13,152
05-Nov-13,152
08-Nov-13,152
09-Nov-13,152
10-Nov-13,152
11-Nov-13,152
12-Nov-13,152
15-Nov-13,152
16-Nov-13,152
17-Nov-13,152
18-Nov-13,152
19-Nov-13,152
22-Nov-13,152
23-Nov-13,152
24-Nov-13,152
25-Nov-13,152
26-Nov-13,152
29-Nov-13,152
30-Nov-13,152
01-Dec-13,152
02-Dec-13,152
03-Dec-13,152
06-Dec-13,152
07-Dec-13,152
08-Dec-13,152
09-Dec-13,152
10-Dec-13,152
13-Dec-13,152
14-Dec-13,152
15-Dec-13,152
16-Dec-13,152
17-Dec-13,152
20-Dec-13,152
21-Dec-13,152
22-Dec-13,152
23-Dec-13,152
24-Dec-13,152
29-Dec-13,152
30-Dec-13,152
31-Dec-13,152
04-Jan-14,143
05-Jan-14,143
06-Jan-14,143
07-Jan-14,143
10-Jan-14,143
11-Jan-14,143
12-Jan-14,143
13-Jan-14,143
14-Jan-14,143
17-Jan-14,143
18-Jan-14,143
19-Jan-14,143
20-Jan-14,143
21-Jan-14,143
24-Jan-14,143
25-Jan-14,143
26-Jan-14,143
27-Jan-14,143
28-Jan-14,143
31-Jan-14,143
01-Feb-14,143
02-Feb-14,143
03-Feb-14,143
04-Feb-14,143
07-Feb-14,143
08-Feb-14,143
09-Feb-14,143
10-Feb-14,143
11-Feb-14,143
14-Feb-14,143
15-Feb-14,143
16-Feb-14,143
17-Feb-14,143
18-Feb-14,143
21-Feb-14,143
22-Feb-14,143
23-Feb-14,143
24-Feb-14,143
25-Feb-14,143
28-Feb-14,143
01-Mar-14,143
02-Mar-14,143
03-Mar-14,143
04-Mar-14,143
07-Mar-14,143
08-Mar-14,143
09-Mar-14,143
10-Mar-14,143
11-Mar-14,143
14-Mar-14,143
15-Mar-14,143
16-Mar-14,143
17-Mar-14,143
18-Mar-14,143
21-Mar-14,143
22-Mar-14,143
23-Mar-14,143
24-Mar-14,143
25-Mar-14,143
28-Mar-14,143
29-Mar-14,143
30-Mar-14,143
31-Mar-14,143
01-Apr-14,120
04-Apr-14,120
05-Apr-14,120
06-Apr-14,120
07-Apr-14,120
08-Apr-14,120
11-Apr-14,120
12-Apr-14,120
13-Apr-14,120
14-Apr-14,120
15-Apr-14,120
18-Apr-14,120
19-Apr-14,120
20-Apr-14,120
21-Apr-14,120
26-Apr-14,120
27-Apr-14,120
28-Apr-14,120
03-May-14,120
04-May-14,120
05-May-14,120
06-May-14,120
09-May-14,120
10-May-14,120
11-May-14,120
12-May-14,120
13-May-14,120
16-May-14,120
17-May-14,120
18-May-14,120
19-May-14,120
20-May-14,120
23-May-14,120
24-May-14,120
25-May-14,120
26-May-14,120
27-May-14,120
31-May-14,120
01-Jun-14,120
02-Jun-14,120
03-Jun-14,120
06-Jun-14,120
07-Jun-14,120
08-Jun-14,120
09-Jun-14,120
10-Jun-14,120
13-Jun-14,120
14-Jun-14,120
15-Jun-14,120
16-Jun-14,120
17-Jun-14,120
20-Jun-14,120
21-Jun-14,120
22-Jun-14,120
23-Jun-14,120
24-Jun-14,120
27-Jun-14,120
28-Jun-14,120
29-Jun-14,120
30-Jun-14,120
01-Jul-14,120
02-Jul-14,120
05-Jul-14,120
06-Jul-14,120
07-Jul-14,120
08-Jul-14,120
09-Jul-14,120
12-Jul-14,120
13-Jul-14,120
14-Jul-14,120
15-Jul-14,120
16-Jul-14,120
19-Jul-14,120
20-Jul-14,120
21-Jul-14,120
22-Jul-14,120
23-Jul-14,120
26-Jul-14,120
27-Jul-14,120
28-Jul-14,120
29-Jul-14,120
30-Jul-14,120
02-Aug-14,120
03-Aug-14,120
04-Aug-14,120
05-Aug-14,120
06-Aug-14,120
09-Aug-14,120
10-Aug-14,120
11-Aug-14,120
12-Aug-14,120
13-Aug-14,120
16-Aug-14,120
17-Aug-14,120
18-Aug-14,120
19-Aug-14,120
20-Aug-14,120
23-Aug-14,120
24-Aug-14,120
25-Aug-14,120
26-Aug-14,120
27-Aug-14,120
31-Aug-14,120
01-Sep-14,120
02-Sep-14,120
03-Sep-14,120
06-Sep-14,120
07-Sep-14,120
08-Sep-14,120
09-Sep-14,120
10-Sep-14,120
13-Sep-14,120
14-Sep-14,120
15-Sep-14,120
16-Sep-14,120
17-Sep-14,120
20-Sep-14,120
21-Sep-14,120
22-Sep-14,120
23-Sep-14,120
24-Sep-14,120
27-Sep-14,120
28-Sep-14,120
29-Sep-14,120
30-Sep-14,120
01-Oct-14,119
04-Oct-14,119
05-Oct-14,119
06-Oct-14,119
07-Oct-14,119
08-Oct-14,119
11-Oct-14,119
12-Oct-14,119
13-Oct-14,119
14-Oct-14,119
15-Oct-14,119
18-Oct-14,119
19-Oct-14,119
20-Oct-14,119
21-Oct-14,119
22-Oct-14,119
25-Oct-14,119
26-Oct-14,119
27-Oct-14,119
28-Oct-14,119
29-Oct-14,119
01-Nov-14,119
02-Nov-14,119
03-Nov-14,119
04-Nov-14,119
05-Nov-14,119
08-Nov-14,119
09-Nov-14,119
10-Nov-14,119
11-Nov-14,119
12-Nov-14,119
15-Nov-14,119
16-Nov-14,119
17-Nov-14,119
18-Nov-14,119
19-Nov-14,119
22-Nov-14,119
23-Nov-14,119
24-Nov-14,119
25-Nov-14,119
26-Nov-14,119
29-Nov-14,119
30-Nov-14,119
01-Dec-14,119
02-Dec-14,119
03-Dec-14,119
06-Dec-14,119
07-Dec-14,119
08-Dec-14,119
09-Dec-14,119
10-Dec-14,119
13-Dec-14,119
14-Dec-14,119
15-Dec-14,119
16-Dec-14,119
17-Dec-14,119
20-Dec-14,119
21-Dec-14,119
22-Dec-14,119
23-Dec-14,119
24-Dec-14,119
29-Dec-14,119
30-Dec-14,119
31-Dec-14,119
04-Jan-15,117
05-Jan-15,117
06-Jan-15,117
07-Jan-15,117
10-Jan-15,117
11-Jan-15,117
12-Jan-15,117
13-Jan-15,117
14-Jan-15,117
17-Jan-15,117
18-Jan-15,117
19-Jan-15,117
20-Jan-15,117
21-Jan-15,117
24-Jan-15,117
25-Jan-15,117
26-Jan-15,117
27-Jan-15,117
28-Jan-15,117
31-Jan-15,117
01-Feb-15,117
02-Feb-15,117
03-Feb-15,117
04-Feb-15,117
07-Feb-15,117
08-Feb-15,117
09-Feb-15,117
10-Feb-15,117
11-Feb-15,117
14-Feb-15,117
15-Feb-15,117
16-Feb-15,117
17-Feb-15,117
18-Feb-15,117
21-Feb-15,117
22-Feb-15,117
23-Feb-15,117
24-Feb-15,117
25-Feb-15,117
28-Feb-15,117
01-Mar-15,117
02-Mar-15,117
03-Mar-15,117
04-Mar-15,117
07-Mar-15,117
08-Mar-15,117
09-Mar-15,117
10-Mar-15,117
11-Mar-15,117
14-Mar-15,117
15-Mar-15,117
16-Mar-15,117
17-Mar-15,117
18-Mar-15,117
21-Mar-15,117
22-Mar-15,117
23-Mar-15,117
24-Mar-15,117
25-Mar-15,117
28-Mar-15,117
29-Mar-15,117
30-Mar-15,117
31-Mar-15,117
01-Apr-15,110
04-Apr-15,110
05-Apr-15,110
06-Apr-15,110
07-Apr-15,110
08-Apr-15,110
11-Apr-15,110
12-Apr-15,110
13-Apr-15,110
14-Apr-15,110
15-Apr-15,110
18-Apr-15,110
19-Apr-15,110
20-Apr-15,110
21-Apr-15,110
26-Apr-15,110
27-Apr-15,110
28-Apr-15,110
03-May-15,110
04-May-15,110
05-May-15,110
06-May-15,110
09-May-15,110
10-May-15,110
11-May-15,110
12-May-15,110
13-May-15,110
16-May-15,110
17-May-15,110
18-May-15,110
19-May-15,110
20-May-15,110
23-May-15,110
24-May-15,110
25-May-15,110
26-May-15,110
27-May-15,110
31-May-15,110
01-Jun-15,110
02-Jun-15,110
03-Jun-15,110
06-Jun-15,110
07-Jun-15,110
08-Jun-15,110
09-Jun-15,110
10-Jun-15,110
13-Jun-15,110
14-Jun-15,110
15-Jun-15,110
16-Jun-15,110
17-Jun-15,110
20-Jun-15,110
21-Jun-15,110
22-Jun-15,110
23-Jun-15,110
24-Jun-15,110
27-Jun-15,110
28-Jun-15,110
29-Jun-15,110
30-Jun-15,110
01-Jul-15,93
02-Jul-15,93
03-Jul-15,93
04-Jul-15,93
05-Jul-15,93
06-Jul-15,93
07-Jul-15,93
08-Jul-15,93
09-Jul-15,93
10-Jul-15,93
11-Jul-15,93
12-Jul-15,93
13-Jul-15,93
14-Jul-15,93
15-Jul-15,93
16-Jul-15,93
17-Jul-15,93
18-Jul-15,93
19-Jul-15,93
20-Jul-15,93
21-Jul-15,93
22-Jul-15,93
23-Jul-15,93
24-Jul-15,93
25-Jul-15,93
26-Jul-15,93
27-Jul-15,93
28-Jul-15,93
29-Jul-15,93
30-Jul-15,93
31-Jul-15,93
01-Aug-15,93
02-Aug-15,93
03-Aug-15,93
04-Aug-15,93
05-Aug-15,93
06-Aug-15,93
07-Aug-15,93
08-Aug-15,93
09-Aug-15,93
10-Aug-15,93
11-Aug-15,93
12-Aug-15,93
13-Aug-15,93
14-Aug-15,93
15-Aug-15,93
16-Aug-15,93
17-Aug-15,93
18-Aug-15,93
19-Aug-15,93
20-Aug-15,93
21-Aug-15,93
22-Aug-15,93
23-Aug-15,93
24-Aug-15,93
25-Aug-15,93
26-Aug-15,93
27-Aug-15,93
28-Aug-15,93
29-Aug-15,93
30-Aug-15,93
31-Aug-15,93
01-Sep-15,93
02-Sep-15,93
03-Sep-15,93
04-Sep-15,93
05-Sep-15,93
06-Sep-15,93
07-Sep-15,93
08-Sep-15,93
09-Sep-15,93
10-Sep-15,93
11-Sep-15,93
12-Sep-15,93
13-Sep-15,93
14-Sep-15,93
15-Sep-15,93
16-Sep-15,93
17-Sep-15,93
18-Sep-15,93
19-Sep-15,93
20-Sep-15,93
21-Sep-15,93
22-Sep-15,93
23-Sep-15,93
24-Sep-15,93
25-Sep-15,93
26-Sep-15,93
27-Sep-15,93
28-Sep-15,93
29-Sep-15,93
30-Sep-15,93
01-Oct-15,89
04-Oct-15,89
05-Oct-15,89
06-Oct-15,89
07-Oct-15,89
08-Oct-15,89
11-Oct-15,89
12-Oct-15,89
13-Oct-15,89
14-Oct-15,89
15-Oct-15,89
18-Oct-15,89
19-Oct-15,89
20-Oct-15,89
21-Oct-15,89
22-Oct-15,89
25-Oct-15,89
26-Oct-15,89
27-Oct-15,89
28-Oct-15,89
29-Oct-15,89
01-Nov-15,89
02-Nov-15,89
03-Nov-15,89
04-Nov-15,89
05-Nov-15,89
08-Nov-15,89
09-Nov-15,89
10-Nov-15,89
11-Nov-15,89
12-Nov-15,89
15-Nov-15,89
16-Nov-15,89
17-Nov-15,89
18-Nov-15,89
19-Nov-15,89
22-Nov-15,89
23-Nov-15,89
24-Nov-15,89
25-Nov-15,89
26-Nov-15,89
29-Nov-15,89
30-Nov-15,89
01-Dec-15,89
02-Dec-15,89
03-Dec-15,89
06-Dec-15,89
07-Dec-15,89
08-Dec-15,89
09-Dec-15,89
10-Dec-15,89
13-Dec-15,89
14-Dec-15,89
15-Dec-15,89
16-Dec-15,89
17-Dec-15,89
20-Dec-15,89
21-Dec-15,89
22-Dec-15,89
23-Dec-15,89
24-Dec-15,89
29-Dec-15,89
30-Dec-15,89
31-Dec-15,89
04-Jan-16,81
05-Jan-16,81
06-Jan-16,81
07-Jan-16,81
10-Jan-16,81
11-Jan-16,81
12-Jan-16,81
13-Jan-16,81
14-Jan-16,81
17-Jan-16,81
18-Jan-16,81
19-Jan-16,81
20-Jan-16,81
21-Jan-16,81
24-Jan-16,81
25-Jan-16,81
26-Jan-16,81
27-Jan-16,81
28-Jan-16,81
31-Jan-16,81
01-Feb-16,81
02-Feb-16,81
03-Feb-16,81
04-Feb-16,81
07-Feb-16,81
08-Feb-16,81
09-Feb-16,81
10-Feb-16,81
11-Feb-16,81
14-Feb-16,81
15-Feb-16,81
16-Feb-16,81
17-Feb-16,81
18-Feb-16,81
21-Feb-16,81
22-Feb-16,81
23-Feb-16,81
24-Feb-16,81
25-Feb-16,81
28-Feb-16,81
01-Mar-16,81
02-Mar-16,81
03-Mar-16,81
04-Mar-16,81
07-Mar-16,81
08-Mar-16,81
09-Mar-16,81
10-Mar-16,81
11-Mar-16,81
14-Mar-16,81
15-Mar-16,81
16-Mar-16,81
17-Mar-16,81
18-Mar-16,81
21-Mar-16,81
22-Mar-16,81
23-Mar-16,81
24-Mar-16,81
25-Mar-16,81
28-Mar-16,81
29-Mar-16,81
30-Mar-16,81
31-Mar-16,81
01-Apr-16,84
04-Apr-16,84
05-Apr-16,84
06-Apr-16,84
07-Apr-16,84
08-Apr-16,84
11-Apr-16,84
12-Apr-16,84
13-Apr-16,84
14-Apr-16,84
15-Apr-16,84
18-Apr-16,84
19-Apr-16,84
20-Apr-16,84
21-Apr-16,84
26-Apr-16,84
27-Apr-16,84
28-Apr-16,84
03-May-16,84
04-May-16,84
05-May-16,84
06-May-16,84
09-May-16,84
10-May-16,84
11-May-16,84
12-May-16,84
13-May-16,84
16-May-16,84
17-May-16,84
18-May-16,84
19-May-16,84
20-May-16,84
23-May-16,84
24-May-16,84
25-May-16,84
26-May-16,84
27-May-16,84
31-May-16,84
01-Jun-16,84
02-Jun-16,84
03-Jun-16,84
06-Jun-16,84
07-Jun-16,84
08-Jun-16,84
09-Jun-16,84
10-Jun-16,84
13-Jun-16,84
14-Jun-16,84
15-Jun-16,84
16-Jun-16,84
17-Jun-16,84
20-Jun-16,84
21-Jun-16,84
22-Jun-16,84
23-Jun-16,84
24-Jun-16,84
27-Jun-16,84
28-Jun-16,84
29-Jun-16,84
30-Jun-16,84
01-Jul-16,92
02-Jul-16,92
05-Jul-16,92
06-Jul-16,92
07-Jul-16,92
08-Jul-16,92
09-Jul-16,92
12-Jul-16,92
13-Jul-16,92
14-Jul-16,92
15-Jul-16,92
16-Jul-16,92
19-Jul-16,92
20-Jul-16,92
21-Jul-16,92
22-Jul-16,92
23-Jul-16,92
26-Jul-16,92
27-Jul-16,92
28-Jul-16,92
29-Jul-16,92
30-Jul-16,92
02-Aug-16,92
03-Aug-16,92
04-Aug-16,92
05-Aug-16,92
06-Aug-16,92
09-Aug-16,92
10-Aug-16,92
11-Aug-16,92
12-Aug-16,92
13-Aug-16,92
16-Aug-16,92
17-Aug-16,92
18-Aug-16,92
19-Aug-16,92
20-Aug-16,92
23-Aug-16,92
24-Aug-16,92
25-Aug-16,92
26-Aug-16,92
27-Aug-16,92
31-Aug-16,92
01-Sep-16,92
02-Sep-16,92
03-Sep-16,92
06-Sep-16,92
07-Sep-16,92
08-Sep-16,92
09-Sep-16,92
10-Sep-16,92
13-Sep-16,92
14-Sep-16,92
15-Sep-16,92
16-Sep-16,92
17-Sep-16,92
20-Sep-16,92
21-Sep-16,92
22-Sep-16,92
23-Sep-16,92
24-Sep-16,92
27-Sep-16,92
28-Sep-16,92
29-Sep-16,92
30-Sep-16,92
01-Oct-16,200
04-Oct-16,200
05-Oct-16,200
06-Oct-16,200
07-Oct-16,200
08-Oct-16,200
11-Oct-16,200
12-Oct-16,200
13-Oct-16,200
14-Oct-16,200
15-Oct-16,200
18-Oct-16,200
19-Oct-16,200
20-Oct-16,200
21-Oct-16,200
22-Oct-16,200
25-Oct-16,200
26-Oct-16,200
27-Oct-16,200
28-Oct-16,200
29-Oct-16,200
01-Nov-16,200
02-Nov-16,200
03-Nov-16,200
04-Nov-16,200
05-Nov-16,200
08-Nov-16,200
09-Nov-16,200
10-Nov-16,200
11-Nov-16,200
12-Nov-16,200
15-Nov-16,200
16-Nov-16,200
17-Nov-16,200
18-Nov-16,200
19-Nov-16,200
22-Nov-16,200
23-Nov-16,200
24-Nov-16,200
25-Nov-16,200
26-Nov-16,200
29-Nov-16,200
30-Nov-16,200
01-Dec-16,200
02-Dec-16,200
03-Dec-16,200
06-Dec-16,200
07-Dec-16,200
08-Dec-16,200
09-Dec-16,200
10-Dec-16,200
13-Dec-16,200
14-Dec-16,200
15-Dec-16,200
16-Dec-16,200
17-Dec-16,200
20-Dec-16,200
21-Dec-16,200
22-Dec-16,200
23-Dec-16,200
24-Dec-16,200
29-Dec-16,200
30-Dec-16,200
31-Dec-16,200
04-Jan-17,285
05-Jan-17,285
06-Jan-17,285
07-Jan-17,285
10-Jan-17,285
11-Jan-17,285
12-Jan-17,285
13-Jan-17,285
14-Jan-17,285
17-Jan-17,285
18-Jan-17,285
19-Jan-17,285
20-Jan-17,285
21-Jan-17,285
24-Jan-17,285
25-Jan-17,285
26-Jan-17,285
27-Jan-17,285
28-Jan-17,285
31-Jan-17,285
01-Feb-17,285
02-Feb-17,285
03-Feb-17,285
04-Feb-17,285
07-Feb-17,285
08-Feb-17,285
09-Feb-17,285
10-Feb-17,285
11-Feb-17,285
14-Feb-17,285
15-Feb-17,285
16-Feb-17,285
17-Feb-17,285
18-Feb-17,285
21-Feb-17,285
22-Feb-17,285
23-Feb-17,285
24-Feb-17,285
25-Feb-17,285
28-Feb-17,285
01-Mar-17,285
02-Mar-17,285
03-Mar-17,285
04-Mar-17,285
07-Mar-17,285
08-Mar-17,285
09-Mar-17,285
10-Mar-17,285
11-Mar-17,285
14-Mar-17,285
15-Mar-17,285
16-Mar-17,285
17-Mar-17,285
18-Mar-17,285
21-Mar-17,285
22-Mar-17,285
23-Mar-17,285
24-Mar-17,285
25-Mar-17,285
28-Mar-17,285
29-Mar-17,285
30-Mar-17,285
31-Mar-17,285
01-Apr-17,194
04-Apr-17,194
05-Apr-17,194
06-Apr-17,194
07-Apr-17,194
08-Apr-17,194
11-Apr-17,194
12-Apr-17,194
13-Apr-17,194
14-Apr-17,194
15-Apr-17,194
18-Apr-17,194
19-Apr-17,194
20-Apr-17,194
21-Apr-17,194
26-Apr-17,194
27-Apr-17,194
28-Apr-17,194
03-May-17,194
04-May-17,194
05-May-17,194
06-May-17,194
09-May-17,194
10-May-17,194
11-May-17,194
12-May-17,194
13-May-17,194
16-May-17,194
17-May-17,194
18-May-17,194
19-May-17,194
20-May-17,194
23-May-17,194
24-May-17,194
25-May-17,194
26-May-17,194
27-May-17,194
31-May-17,194
01-Jun-17,194
02-Jun-17,194
03-Jun-17,194
06-Jun-17,194
07-Jun-17,194
08-Jun-17,194
09-Jun-17,194
10-Jun-17,194
13-Jun-17,194
14-Jun-17,194
15-Jun-17,194
16-Jun-17,194
17-Jun-17,194
20-Jun-17,194
21-Jun-17,194
22-Jun-17,194
23-Jun-17,194
24-Jun-17,194
27-Jun-17,194
28-Jun-17,194
29-Jun-17,194
30-Jun-17,194
01-Jul-17,170
02-Jul-17,170
05-Jul-17,170
06-Jul-17,170
07-Jul-17,170
08-Jul-17,170
09-Jul-17,170
12-Jul-17,170
13-Jul-17,170
14-Jul-17,170
15-Jul-17,170
16-Jul-17,170
19-Jul-17,170
20-Jul-17,170
21-Jul-17,170
22-Jul-17,170
23-Jul-17,170
26-Jul-17,170
27-Jul-17,170
28-Jul-17,170
29-Jul-17,170
30-Jul-17,170
02-Aug-17,170
03-Aug-17,170
04-Aug-17,170
05-Aug-17,170
06-Aug-17,170
09-Aug-17,170
10-Aug-17,170
11-Aug-17,170
12-Aug-17,170
13-Aug-17,170
16-Aug-17,170
17-Aug-17,170
18-Aug-17,170
19-Aug-17,170
20-Aug-17,170
23-Aug-17,170
24-Aug-17,170
25-Aug-17,170
26-Aug-17,170
27-Aug-17,170
31-Aug-17,170
01-Sep-17,170
02-Sep-17,170
03-Sep-17,170
06-Sep-17,170
07-Sep-17,170
08-Sep-17,170
09-Sep-17,170
10-Sep-17,170
13-Sep-17,170
14-Sep-17,170
15-Sep-17,170
16-Sep-17,170
17-Sep-17,170
20-Sep-17,170
21-Sep-17,170
22-Sep-17,170
23-Sep-17,170
24-Sep-17,170
27-Sep-17,170
28-Sep-17,170
29-Sep-17,170
30-Sep-17,170
01-Oct-17,192
02-Oct-17,192
03-Oct-17,192
04-Oct-17,192
05-Oct-17,192
06-Oct-17,192
07-Oct-17,192
08-Oct-17,192
09-Oct-17,192
10-Oct-17,192
11-Oct-17,192
12-Oct-17,192
13-Oct-17,192
14-Oct-17,192
15-Oct-17,192
16-Oct-17,192
17-Oct-17,192
18-Oct-17,192
19-Oct-17,192
20-Oct-17,192
21-Oct-17,192
22-Oct-17,192
23-Oct-17,192
24-Oct-17,192
25-Oct-17,192
26-Oct-17,192
27-Oct-17,192
28-Oct-17,192
29-Oct-17,192
30-Oct-17,192
31-Oct-17,192
01-Nov-17,192
02-Nov-17,192
03-Nov-17,192
04-Nov-17,192
05-Nov-17,192
06-Nov-17,192
07-Nov-17,192
08-Nov-17,192
09-Nov-17,192
10-Nov-17,192
11-Nov-17,192
12-Nov-17,192
13-Nov-17,192
14-Nov-17,192
15-Nov-17,192
16-Nov-17,192
17-Nov-17,192
18-Nov-17,192
19-Nov-17,192
20-Nov-17,192
21-Nov-17,192
22-Nov-17,192
23-Nov-17,192
24-Nov-17,192
25-Nov-17,192
26-Nov-17,192
27-Nov-17,192
28-Nov-17,192
29-Nov-17,192
30-Nov-17,192
01-Dec-17,192
02-Dec-17,192
03-Dec-17,192
04-Dec-17,192
05-Dec-17,192
06-Dec-17,192
07-Dec-17,192
08-Dec-17,192
09-Dec-17,192
10-Dec-17,192
11-Dec-17,192
12-Dec-17,192
13-Dec-17,192
14-Dec-17,192
15-Dec-17,192
16-Dec-17,192
17-Dec-17,192
18-Dec-17,192
19-Dec-17,192
20-Dec-17,192
21-Dec-17,192
22-Dec-17,192
23-Dec-17,192
24-Dec-17,192
25-Dec-17,192
26-Dec-17,192
27-Dec-17,192
28-Dec-17,192
29-Dec-17,192
30-Dec-17,192
31-Dec-17,192
01-Jan-18,235
02-Jan-18,235
03-Jan-18,235
04-Jan-18,235
05-Jan-18,235
06-Jan-18,235
07-Jan-18,235
08-Jan-18,235
09-Jan-18,235
10-Jan-18,235
11-Jan-18,235
12-Jan-18,235
13-Jan-18,235
14-Jan-18,235
15-Jan-18,235
16-Jan-18,235
17-Jan-18,235
18-Jan-18,235
19-Jan-18,235
20-Jan-18,235
21-Jan-18,235
22-Jan-18,235
23-Jan-18,235
24-Jan-18,235
25-Jan-18,235
26-Jan-18,235
27-Jan-18,235
28-Jan-18,235
29-Jan-18,235
30-Jan-18,235
31-Jan-18,235
01-Feb-18,235
02-Feb-18,235
03-Feb-18,235
04-Feb-18,235
05-Feb-18,235
06-Feb-18,235
07-Feb-18,235
08-Feb-18,235
09-Feb-18,235
10-Feb-18,235
11-Feb-18,235
12-Feb-18,235
13-Feb-18,235
14-Feb-18,235
15-Feb-18,235
16-Feb-18,235
17-Feb-18,235
18-Feb-18,235
19-Feb-18,235
20-Feb-18,235
21-Feb-18,235
22-Feb-18,235
23-Feb-18,235
24-Feb-18,235
25-Feb-18,235
26-Feb-18,235
27-Feb-18,235
28-Feb-18,235
01-Mar-18,235
02-Mar-18,235
03-Mar-18,235
04-Mar-18,235
05-Mar-18,235
06-Mar-18,235
07-Mar-18,235
08-Mar-18,235
09-Mar-18,235
10-Mar-18,235
11-Mar-18,235
12-Mar-18,235
13-Mar-18,235
14-Mar-18,235
15-Mar-18,235
16-Mar-18,235
17-Mar-18,235
18-Mar-18,235
19-Mar-18,235
20-Mar-18,235
21-Mar-18,235
22-Mar-18,235
23-Mar-18,235
24-Mar-18,235
25-Mar-18,235
26-Mar-18,235
27-Mar-18,235
28-Mar-18,235
29-Mar-18,235
30-Mar-18,235
31-Mar-18,235
02-Apr-18,196
03-Apr-18,196
04-Apr-18,196
05-Apr-18,196
06-Apr-18,196
09-Apr-18,196
10-Apr-18,196
11-Apr-18,196
12-Apr-18,196
13-Apr-18,196
16-Apr-18,196
17-Apr-18,196
18-Apr-18,196
19-Apr-18,196
20-Apr-18,196
23-Apr-18,196
24-Apr-18,196
25-Apr-18,196
26-Apr-18,196
27-Apr-18,196
30-Apr-18,196
01-May-18,196
02-May-18,196
03-May-18,196
04-May-18,196
07-May-18,196
08-May-18,196
09-May-18,196
10-May-18,196
11-May-18,196
14-May-18,196
15-May-18,196
16-May-18,196
17-May-18,196
18-May-18,196
21-May-18,196
22-May-18,196
23-May-18,196
24-May-18,196
25-May-18,196
28-May-18,196
29-May-18,196
30-May-18,196
31-May-18,196
01-Jun-18,196
04-Jun-18,196
05-Jun-18,196
06-Jun-18,196
07-Jun-18,196
08-Jun-18,196
11-Jun-18,196
12-Jun-18,196
13-Jun-18,196
14-Jun-18,196
15-Jun-18,196
18-Jun-18,196
19-Jun-18,196
20-Jun-18,196
21-Jun-18,196
22-Jun-18,196
25-Jun-18,196
26-Jun-18,196
27-Jun-18,196
28-Jun-18,196
29-Jun-18,196
